ISO-10303-21;
HEADER;
FILE_DESCRIPTION (( 'STEP AP214' ),
    '1' );
FILE_NAME ('Bunny_Bomb.STEP',
    '2026-09-10T22:21:05',
    ( 'CAEN' ),
    ( 'University of Michigan' ),
    'SwSTEP 2.0',
    'SolidWorks 2026',
    '' );
FILE_SCHEMA (( 'AUTOMOTIVE_DESIGN' ));
ENDSEC;

DATA;
#1 = CARTESIAN_POINT ( 'NONE',  ( -0.02971339744405034067, -0.02783301820957184702, 1.958020230214711166 ) ) ;
#2 = CARTESIAN_POINT ( 'NONE',  ( 0.08857467491478349109, 0.08721078988343221317, 0.4000000000000001332 ) ) ;
#3 = CARTESIAN_POINT ( 'NONE',  ( -0.02350833273309319710, -0.02810576510138195622, 1.950000000000000178 ) ) ;
#4 = CARTESIAN_POINT ( 'NONE',  ( -0.1247080366576203553, -0.02143475108975898685, 0.000000000000000000 ) ) ;
#5 = CARTESIAN_POINT ( 'NONE',  ( 0.06980580972739688916, -0.02756694371774613336, 0.000000000000000000 ) ) ;
#6 = CARTESIAN_POINT ( 'NONE',  ( -0.1749356752636924139, -0.0009657357571856426456, 0.4000000000000001332 ) ) ;
#7 = CARTESIAN_POINT ( 'NONE',  ( -0.03412445018450552259, 0.1482926120471062537, 0.09656184583991150872 ) ) ;
#8 = VERTEX_POINT ( 'NONE', #793 ) ;
#9 = CARTESIAN_POINT ( 'NONE',  ( -0.1499999999999999944, 0.000000000000000000, 0.7500000000000000000 ) ) ;
#10 = EDGE_CURVE ( 'NONE', #1576, #147, #1117, .T. ) ;
#11 = CARTESIAN_POINT ( 'NONE',  ( 0.02999408121858196732, -0.02499999999999999445, 1.949999999999999512 ) ) ;
#12 = VERTEX_POINT ( 'NONE', #3 ) ;
#13 = CARTESIAN_POINT ( 'NONE',  ( -0.05586042171929967576, 0.1481442495443437146, 0.000000000000000000 ) ) ;
#14 = CARTESIAN_POINT ( 'NONE',  ( -0.03140936909236409502, -0.02710926147589316423, 1.799874705991366675 ) ) ;
#15 = CARTESIAN_POINT ( 'NONE',  ( 0.01646224944819242586, -0.02081968003814603160, 1.949999999999999956 ) ) ;
#16 =( NAMED_UNIT ( * ) PLANE_ANGLE_UNIT ( ) SI_UNIT ( $, .RADIAN. ) );
#17 = CARTESIAN_POINT ( 'NONE',  ( 0.1610678828326344569, 0.03162216403280587729, 0.4000000000000000222 ) ) ;
#18 = CARTESIAN_POINT ( 'NONE',  ( -0.1683236271345210922, 0.009757517169455819442, 0.4000000000000000222 ) ) ;
#19 = CARTESIAN_POINT ( 'NONE',  ( 0.09428090415820636339, 0.02499999999999995282, 0.7500000000000000000 ) ) ;
#20 = CARTESIAN_POINT ( 'NONE',  ( 0.1074727657790462698, 0.05896662131345559166, 0.2000000000000000111 ) ) ;
#21 = CARTESIAN_POINT ( 'NONE',  ( -0.1610678828326349010, 0.03162216403280605770, 0.4000000000000000222 ) ) ;
#22 = ORIENTED_EDGE ( 'NONE', *, *, #1054, .T. ) ;
#23 = CARTESIAN_POINT ( 'NONE',  ( 0.03636122918320210812, -0.02247160607533802562, 1.799867486610195133 ) ) ;
#24 = CARTESIAN_POINT ( 'NONE',  ( 0.02986369529218533408, -0.02380686867833551462, 1.949999999999999956 ) ) ;
#25 =( BOUNDED_SURFACE ( )  B_SPLINE_SURFACE ( 3, 3, ( 
 ( #1230, #1360, #1614, #11 ),
 ( #1270, #270, #1370, #146 ),
 ( #244, #497, #1146, #997 ),
 ( #1497, #367, #440, #298 ) ),
 .UNSPECIFIED., .F., .F., .T. ) 
 B_SPLINE_SURFACE_WITH_KNOTS ( ( 4, 4 ),
 ( 4, 4 ),
 ( 0.000000000000000000, 1.000000000000000000 ),
 ( 0.000000000000000000, 1.000000000000000000 ),
 .UNSPECIFIED. ) 
 GEOMETRIC_REPRESENTATION_ITEM ( )  RATIONAL_B_SPLINE_SURFACE ( (
 ( 1.000000000000000000, 0.3333333333333481918, 0.3333333333333481918, 1.000000000000000000),
 ( 0.3333333333333338144, 0.1111111111111162258, 0.1111111111111162258, 0.3333333333333338144),
 ( 0.3333333333333338144, 0.1111111111111162258, 0.1111111111111162258, 0.3333333333333338144),
 ( 1.000000000000000000, 0.3333333333333481918, 0.3333333333333481918, 1.000000000000000000) ) ) 
 REPRESENTATION_ITEM ( '' )  SURFACE ( )  );
#26 = CARTESIAN_POINT ( 'NONE',  ( -0.003381874684835780090, 0.1600017841853637046, 0.000000000000000000 ) ) ;
#27 = CARTESIAN_POINT ( 'NONE',  ( -0.1892513962632968727, 0.01985704034541375257, 0.000000000000000000 ) ) ;
#28 = CARTESIAN_POINT ( 'NONE',  ( 0.02999116369614321376, -0.02490103164996034998, 1.949999999999999956 ) ) ;
#29 = CARTESIAN_POINT ( 'NONE',  ( -0.02786408452164806579, -0.02716646286268901631, 1.949999999999999956 ) ) ;
#30 = CARTESIAN_POINT ( 'NONE',  ( -0.03658630132325244033, 0.1329435501037752598, 0.2880598718616199094 ) ) ;
#31 = CARTESIAN_POINT ( 'NONE',  ( -0.01694747263727396092, 0.0006461163323589167199, 0.3999999999999999667 ) ) ;
#32 = CARTESIAN_POINT ( 'NONE',  ( 0.03428559090171295898, 0.1339682028239970180, 0.2835683136942059313 ) ) ;
#33 = ORIENTED_EDGE ( 'NONE', *, *, #1317, .F. ) ;
#34 = CARTESIAN_POINT ( 'NONE',  ( -0.07581617844665410055, 0.1022402938278240275, 0.3999999999999999112 ) ) ;
#35 = CARTESIAN_POINT ( 'NONE',  ( -0.03400319115517946161, 0.1342203533031038620, 0.2813058410519138630 ) ) ;
#36 = CARTESIAN_POINT ( 'NONE',  ( -0.03679123721942588465, 0.1550785144355021905, 0.000000000000000000 ) ) ;
#37 = CARTESIAN_POINT ( 'NONE',  ( -0.1044282052971194918, 0.04099468128586275517, 0.4000000000000000222 ) ) ;
#38 = CARTESIAN_POINT ( 'NONE',  ( 0.1749999999999999889, -0.0003492771981602079117, 0.4000000000000000222 ) ) ;
#39 = CARTESIAN_POINT ( 'NONE',  ( 0.1875667257251864284, 0.02350500312107291906, 0.000000000000000000 ) ) ;
#40 = CARTESIAN_POINT ( 'NONE',  ( 0.1279135021623781787, 0.05646185448668174234, 0.000000000000000000 ) ) ;
#41 = CARTESIAN_POINT ( 'NONE',  ( -0.03428253702719266660, 0.1339707026126936984, 0.2835468345268006840 ) ) ;
#42 = CARTESIAN_POINT ( 'NONE',  ( -0.1000000000000000056, -0.01499999999999999944, 1.149999999999999911 ) ) ;
#43 = ADVANCED_FACE ( 'NONE', ( #371 ), #1384, .F. ) ;
#44 = CARTESIAN_POINT ( 'NONE',  ( -0.1150502440655551684, 0.03103250683429531476, 0.4000000000000000222 ) ) ;
#45 = CARTESIAN_POINT ( 'NONE',  ( -0.06500000000000002998, -9.509570426723417169E-17, 1.149999999999999911 ) ) ;
#46 = CARTESIAN_POINT ( 'NONE',  ( 0.1830672939585669678, 0.03070791894513153625, 0.000000000000000000 ) ) ;
#47 = B_SPLINE_CURVE_WITH_KNOTS ( 'NONE', 3,
 ( #28, #1404, #287, #1265, #165 ),
 .UNSPECIFIED., .F., .F.,
 ( 4, 1, 4 ),
 ( 0.000000000000000000, 0.5615498183578269131, 1.000000000000000000 ),
 .UNSPECIFIED. ) ;
#48 = CARTESIAN_POINT ( 'NONE',  ( -0.09974513512586083430, 0.05682807138024123517, 0.4000000000000000777 ) ) ;
#49 =( GEOMETRIC_REPRESENTATION_CONTEXT ( 3 ) GLOBAL_UNCERTAINTY_ASSIGNED_CONTEXT ( ( #1426 ) ) GLOBAL_UNIT_ASSIGNED_CONTEXT ( ( #531, #16, #275 ) ) REPRESENTATION_CONTEXT ( 'NONE', 'WORKASPACE' ) );
#50 = VECTOR ( 'NONE', #1456, 1.000000000000000000 ) ;
#51 = CARTESIAN_POINT ( 'NONE',  ( 0.01962891065280557984, -0.01833031581823146849, 1.799846238365496287 ) ) ;
#52 = CARTESIAN_POINT ( 'NONE',  ( -0.1167345408198194462, 0.06461138359854534663, 0.000000000000000000 ) ) ;
#53 = CARTESIAN_POINT ( 'NONE',  ( -0.03744902687608861469, 0.1548491715226167631, 0.000000000000000000 ) ) ;
#54 = CARTESIAN_POINT ( 'NONE',  ( -0.1004416216089048519, 0.1117342451746656112, 0.000000000000000000 ) ) ;
#55 = CARTESIAN_POINT ( 'NONE',  ( 0.06500000000000002998, 0.000000000000000000, 1.149999999999999911 ) ) ;
#56 = CARTESIAN_POINT ( 'NONE',  ( -0.06173292253425730763, -0.002269626617506741335, 1.266552481877213587 ) ) ;
#57 = CARTESIAN_POINT ( 'NONE',  ( -0.01646224953593826423, -0.02081968611316852361, 1.949999999999999956 ) ) ;
#58 =( BOUNDED_CURVE ( )  B_SPLINE_CURVE ( 3, ( #552, #1439, #69, #953 ),
 .UNSPECIFIED., .F., .F. ) 
 B_SPLINE_CURVE_WITH_KNOTS ( ( 4, 4 ),
 ( 3.141592653589793116, 6.283185307179586232 ),
 .UNSPECIFIED. ) 
 CURVE ( )  GEOMETRIC_REPRESENTATION_ITEM ( )  RATIONAL_B_SPLINE_CURVE ( ( 1.000000000000000000, 0.3333333333333333703, 0.3333333333333333703, 1.000000000000000000 ) ) 
 REPRESENTATION_ITEM ( '' )  );
#59 = CARTESIAN_POINT ( 'NONE',  ( -0.03873066958946256438, 0.09708348754011393578, 0.3999999999999999667 ) ) ;
#60 = CARTESIAN_POINT ( 'NONE',  ( -0.1643847658443772786, -0.01037482393571999631, 0.4000000000000001332 ) ) ;
#61 = B_SPLINE_SURFACE_WITH_KNOTS ( 'NONE', 3, 1, ( 
 ( #1579, #877 ),
 ( #856, #982 ),
 ( #1339, #966 ),
 ( #113, #706 ) ),
 .UNSPECIFIED., .F., .F., .F.,
 ( 4, 4 ),
 ( 2, 2 ),
 ( 0.000000000000000000, 1.000000000000000000 ),
 ( 0.000000000000000000, 1.000000000000000000 ),
 .UNSPECIFIED. ) ;
#62 = ORIENTED_EDGE ( 'NONE', *, *, #1044, .F. ) ;
#63 = EDGE_CURVE ( 'NONE', #400, #911, #1212, .T. ) ;
#64 = CARTESIAN_POINT ( 'NONE',  ( 0.1683236271345210366, 0.009757517169455907913, 0.4000000000000000777 ) ) ;
#65 = CARTESIAN_POINT ( 'NONE',  ( -0.03377009508485685069, 0.1344566724583602380, 0.2790605387524361936 ) ) ;
#66 = CARTESIAN_POINT ( 'NONE',  ( -0.06500000000000002998, -9.509570426723417169E-17, 1.149999999999999911 ) ) ;
#67 = CARTESIAN_POINT ( 'NONE',  ( 0.07288792211679932798, -0.01417742644567450416, 1.149999999999999911 ) ) ;
#68 =( BOUNDED_CURVE ( )  B_SPLINE_CURVE ( 3, ( #1329, #582, #1582, #1089 ),
 .UNSPECIFIED., .F., .F. ) 
 B_SPLINE_CURVE_WITH_KNOTS ( ( 4, 4 ),
 ( 4.760004115440200856, 5.293373730093998475 ),
 .UNSPECIFIED. ) 
 CURVE ( )  GEOMETRIC_REPRESENTATION_ITEM ( )  RATIONAL_B_SPLINE_CURVE ( ( 1.000000000000000000, 0.9764332431282534142, 0.9764332431282534142, 1.000000000000000000 ) ) 
 REPRESENTATION_ITEM ( '' )  );
#69 = CARTESIAN_POINT ( 'NONE',  ( -0.1000000000000000056, 0.2099999999999999645, 0.4000000000000000222 ) ) ;
#70 = CARTESIAN_POINT ( 'NONE',  ( -0.1743156216418042248, -0.002713100579651455280, 0.4000000000000001332 ) ) ;
#71 = CARTESIAN_POINT ( 'NONE',  ( 0.02981990149676942009, -0.02514115663854273389, 1.958017188165311451 ) ) ;
#72 = CARTESIAN_POINT ( 'NONE',  ( -0.09270900781871806162, 0.08033012456321901584, 0.4000000000000001332 ) ) ;
#73 = EDGE_LOOP ( 'NONE', ( #1312, #1200, #262, #1318 ) ) ;
#74 = CARTESIAN_POINT ( 'NONE',  ( -0.07997959096168059945, 0.1970288423854853199, 0.000000000000000000 ) ) ;
#75 = FACE_OUTER_BOUND ( 'NONE', #650, .T. ) ;
#76 = CARTESIAN_POINT ( 'NONE',  ( 0.1000000000000000194, -0.01499999999999988842, 1.149999999999999911 ) ) ;
#77 = CARTESIAN_POINT ( 'NONE',  ( -0.1288327857156291167, -0.02030348322956457979, 0.4000000000000000222 ) ) ;
#78 = B_SPLINE_SURFACE_WITH_KNOTS ( 'NONE', 3, 1, ( 
 ( #1145, #1015 ),
 ( #145, #1514 ),
 ( #21, #1524 ),
 ( #1379, #396 ) ),
 .UNSPECIFIED., .F., .F., .F.,
 ( 4, 4 ),
 ( 2, 2 ),
 ( 0.000000000000000000, 1.000000000000000000 ),
 ( 0.000000000000000000, 1.000000000000000000 ),
 .UNSPECIFIED. ) ;
#79 = CARTESIAN_POINT ( 'NONE',  ( -0.1778351173966951360, 0.03642794547465778854, 0.000000000000000000 ) ) ;
#80 = CARTESIAN_POINT ( 'NONE',  ( 0.07997958844057465044, 0.1970288438410465193, 0.000000000000000000 ) ) ;
#81 = CARTESIAN_POINT ( 'NONE',  ( 0.1885122201707770395, 0.02152925955046056800, 0.000000000000000000 ) ) ;
#82 = CARTESIAN_POINT ( 'NONE',  ( -0.07236283733281675956, -0.02736720801719164792, 0.000000000000000000 ) ) ;
#83 = CARTESIAN_POINT ( 'NONE',  ( -0.02141016151377374277, 0.1070834875401138336, 0.3999999999999999667 ) ) ;
#84 = PRODUCT_CONTEXT ( 'NONE', #927, 'mechanical' ) ;
#85 = CARTESIAN_POINT ( 'NONE',  ( 0.03562107070568057421, 0.1516079902061231999, 0.04828004045955620882 ) ) ;
#86 = CARTESIAN_POINT ( 'NONE',  ( -0.04868927143239452915, -0.02437477095082590806, 1.532424413642784700 ) ) ;
#87 = EDGE_CURVE ( 'NONE', #160, #660, #451, .T. ) ;
#88 = CARTESIAN_POINT ( 'NONE',  ( 0.1741597443986582783, 0.001767546128513562687, 0.3999999999999999667 ) ) ;
#89 = ORIENTED_EDGE ( 'NONE', *, *, #977, .F. ) ;
#90 = VERTEX_POINT ( 'NONE', #1567 ) ;
#91 = CARTESIAN_POINT ( 'NONE',  ( -0.1888473131124311366, 0.02077420926865431589, 0.000000000000000000 ) ) ;
#92 = CARTESIAN_POINT ( 'NONE',  ( -0.1015553108826681428, -0.02479191208148411041, 0.000000000000000000 ) ) ;
#93 = CARTESIAN_POINT ( 'NONE',  ( 0.1879868453634162273, 0.02265474176116186872, 0.000000000000000000 ) ) ;
#94 = CARTESIAN_POINT ( 'NONE',  ( 0.1320354272980849286, -0.01970937000847105408, 0.4000000000000000222 ) ) ;
#95 = CARTESIAN_POINT ( 'NONE',  ( 0.03427636625081443428, -0.02588576903076344679, 1.532533698834328106 ) ) ;
#96 = ORIENTED_EDGE ( 'NONE', *, *, #1059, .F. ) ;
#97 = ADVANCED_FACE ( 'NONE', ( #75 ), #1546, .T. ) ;
#98 = CARTESIAN_POINT ( 'NONE',  ( 0.03219392375234101517, 0.1391200092550929635, 0.2233261618561419304 ) ) ;
#99 = CARTESIAN_POINT ( 'NONE',  ( -0.1892513962632968727, 0.01985704034541375257, 0.000000000000000000 ) ) ;
#100 = CARTESIAN_POINT ( 'NONE',  ( 0.05381897392383579865, 0.1174942482153636808, 0.4000000000000000222 ) ) ;
#101 = CARTESIAN_POINT ( 'NONE',  ( -0.1053064691513177220, 0.1047861455356400295, 0.000000000000000000 ) ) ;
#102 = CARTESIAN_POINT ( 'NONE',  ( 0.05646909802405321310, 0.1478128037594636512, 0.000000000000000000 ) ) ;
#103 = CARTESIAN_POINT ( 'NONE',  ( 0.07964045207910319668, 0.01249999999999997641, 0.9499999999999999556 ) ) ;
#104 = CARTESIAN_POINT ( 'NONE',  ( -0.007291666666666897501, -0.03000000000000000236, 0.4000000000000001332 ) ) ;
#105 = VERTEX_POINT ( 'NONE', #1331 ) ;
#106 = ORIENTED_EDGE ( 'NONE', *, *, #230, .F. ) ;
#107 = CARTESIAN_POINT ( 'NONE',  ( 0.1191204117687467423, 0.06174514382651008493, 0.000000000000000000 ) ) ;
#108 = CARTESIAN_POINT ( 'NONE',  ( -0.04318585929521888411, 0.1343317765387400387, 0.2407214991928873227 ) ) ;
#109 = EDGE_CURVE ( 'NONE', #1576, #961, #1463, .T. ) ;
#110 = CARTESIAN_POINT ( 'NONE',  ( -0.1279135021623780399, 0.05646185448668173540, 0.000000000000000000 ) ) ;
#111 = CARTESIAN_POINT ( 'NONE',  ( 0.06952249489976708441, 0.1075580574057260486, 0.4000000000000001332 ) ) ;
#112 = CARTESIAN_POINT ( 'NONE',  ( 0.1802378585670706135, -0.003295991446155166482, 0.000000000000000000 ) ) ;
#113 = CARTESIAN_POINT ( 'NONE',  ( 0.1000000000000000056, 0.05000000000000001665, 0.4000000000000000222 ) ) ;
#114 = CARTESIAN_POINT ( 'NONE',  ( 0.04801434697156688886, -0.02888367175612049920, 0.000000000000000000 ) ) ;
#115 = ORIENTED_EDGE ( 'NONE', *, *, #1202, .T. ) ;
#116 = CARTESIAN_POINT ( 'NONE',  ( 0.03873066958946256438, 0.09708348754011393578, 0.3999999999999999667 ) ) ;
#117 = CARTESIAN_POINT ( 'NONE',  ( -0.09188213438655271070, 0.1222454079626314333, 0.000000000000000000 ) ) ;
#118 =( BOUNDED_CURVE ( )  B_SPLINE_CURVE ( 3, ( #446, #668, #435, #1053 ),
 .UNSPECIFIED., .F., .F. ) 
 B_SPLINE_CURVE_WITH_KNOTS ( ( 4, 4 ),
 ( 4.131404260339023082, 4.653899051748343396 ),
 .UNSPECIFIED. ) 
 CURVE ( )  GEOMETRIC_REPRESENTATION_ITEM ( )  RATIONAL_B_SPLINE_CURVE ( ( 1.000000000000000000, 0.9773790301280668169, 0.9773790301280668169, 1.000000000000000000 ) ) 
 REPRESENTATION_ITEM ( '' )  );
#119 = CARTESIAN_POINT ( 'NONE',  ( -0.09999999999999989453, -0.02327872514884663999, 1.150000000000000133 ) ) ;
#120 = CARTESIAN_POINT ( 'NONE',  ( 0.04685401275412552635, 0.1366402420201400514, 0.1926144305215021779 ) ) ;
#121 = CARTESIAN_POINT ( 'NONE',  ( 0.09288547562454610440, 0.07994624869173959369, 0.4000000000000001332 ) ) ;
#122 = CARTESIAN_POINT ( 'NONE',  ( 0.1900324449398786697, 0.01625242417632210418, 0.000000000000000000 ) ) ;
#123 = CARTESIAN_POINT ( 'NONE',  ( 0.07629757785467120024, -0.02702422145328711722, 0.4000000000000000777 ) ) ;
#124 =( GEOMETRIC_REPRESENTATION_CONTEXT ( 3 ) GLOBAL_UNCERTAINTY_ASSIGNED_CONTEXT ( ( #312 ) ) GLOBAL_UNIT_ASSIGNED_CONTEXT ( ( #202, #1096, #1231 ) ) REPRESENTATION_CONTEXT ( 'NONE', 'WORKASPACE' ) );
#125 = CARTESIAN_POINT ( 'NONE',  ( -0.1750000000000000167, -0.0004027989014421157242, 0.4000000000000001332 ) ) ;
#126 = CARTESIAN_POINT ( 'NONE',  ( -0.03002605509098252648, -0.02610317005309464172, 1.949999999999999956 ) ) ;
#127 = ORIENTED_EDGE ( 'NONE', *, *, #1566, .T. ) ;
#128 = ORIENTED_EDGE ( 'NONE', *, *, #977, .T. ) ;
#129 = CARTESIAN_POINT ( 'NONE',  ( 0.03000047914209805211, -0.02495435667210128827, 1.949999999999999956 ) ) ;
#130 = CARTESIAN_POINT ( 'NONE',  ( 0.07018174991035042165, 0.1403767446193635027, 0.000000000000000000 ) ) ;
#131 = EDGE_CURVE ( 'NONE', #719, #772, #980, .T. ) ;
#132 = CARTESIAN_POINT ( 'NONE',  ( -0.1517506473701698277, -0.01563521766001503555, 0.000000000000000000 ) ) ;
#133 = CARTESIAN_POINT ( 'NONE',  ( -0.008733797181555364234, -0.02997510646367115839, 0.000000000000000000 ) ) ;
#134 = FACE_OUTER_BOUND ( 'NONE', #1530, .T. ) ;
#135 = ORIENTED_EDGE ( 'NONE', *, *, #1493, .T. ) ;
#136 = CARTESIAN_POINT ( 'NONE',  ( 0.01932185777326276069, 0.1034664393599112053, 0.000000000000000000 ) ) ;
#137 = CARTESIAN_POINT ( 'NONE',  ( 0.03364551014015943614, 0.1346039703206179661, 0.2775800467235641777 ) ) ;
#138 = CARTESIAN_POINT ( 'NONE',  ( -0.02361038130724178383, -0.02191523100546575314, 1.949999999999999956 ) ) ;
#139 = CARTESIAN_POINT ( 'NONE',  ( -0.03997816542067163942, 0.1233995016019936164, 0.4000000000000001332 ) ) ;
#140 = CARTESIAN_POINT ( 'NONE',  ( 0.1749999999999999889, 1.025745024705676353E-16, 0.4000000000000000222 ) ) ;
#141 = CARTESIAN_POINT ( 'NONE',  ( -0.1886445338585117648, 0.02123391983047829418, 0.000000000000000000 ) ) ;
#142 = CARTESIAN_POINT ( 'NONE',  ( 0.1070507252945721993, 0.005232873476231260888, 0.7500000000000000000 ) ) ;
#143 = EDGE_CURVE ( 'NONE', #839, #12, #423, .T. ) ;
#144 = CARTESIAN_POINT ( 'NONE',  ( 0.1000000000000000194, -0.01499999999999988842, 1.149999999999999911 ) ) ;
#145 = CARTESIAN_POINT ( 'NONE',  ( -0.1127087933136423220, 0.01328447950029091815, 0.4000000000000000222 ) ) ;
#146 = CARTESIAN_POINT ( 'NONE',  ( 0.02999408121858930173, -0.01500000000000000812, 1.949999999999999512 ) ) ;
#147 = VERTEX_POINT ( 'NONE', #987 ) ;
#148 = CARTESIAN_POINT ( 'NONE',  ( -0.06547045823125072217, 0.1432081930479555953, 0.000000000000000000 ) ) ;
#149 = CARTESIAN_POINT ( 'NONE',  ( -0.01637901612015373043, -0.02999999999999999889, 1.958023272264110881 ) ) ;
#150 = CARTESIAN_POINT ( 'NONE',  ( 0.03846665768856479678, 0.1328746575609843217, 0.2811408726498421107 ) ) ;
#151 = CARTESIAN_POINT ( 'NONE',  ( 0.03768965655014253069, 0.1328430769958234559, 0.2848394796480093749 ) ) ;
#152 = CARTESIAN_POINT ( 'NONE',  ( 0.01656951657103059722, 0.1289640014736534168, 0.4000000000000000777 ) ) ;
#153 = CARTESIAN_POINT ( 'NONE',  ( 0.07499999999999927558, 0.1999038105676662347, 0.000000000000000000 ) ) ;
#154 = CARTESIAN_POINT ( 'NONE',  ( -0.1370316963372467112, 0.02305019947751367482, 0.4000000000000000222 ) ) ;
#155 = CARTESIAN_POINT ( 'NONE',  ( 0.1895745671445302205, 0.01912351996247977498, 0.000000000000000000 ) ) ;
#156 = CARTESIAN_POINT ( 'NONE',  ( -0.1000000000000000056, 0.2099999999999999645, 0.4000000000000000222 ) ) ;
#157 = CARTESIAN_POINT ( 'NONE',  ( -0.03817638292700545333, 0.1328544893880810041, 0.2826416868098179380 ) ) ;
#158 = CARTESIAN_POINT ( 'NONE',  ( 0.07499999999999927558, 0.1999038105676662347, 0.000000000000000000 ) ) ;
#159 = CARTESIAN_POINT ( 'NONE',  ( 0.03466316095470885206, 0.1336908589051369611, 0.2857887874179135812 ) ) ;
#160 = VERTEX_POINT ( 'NONE', #710 ) ;
#161 = VECTOR ( 'NONE', #626, 1.000000000000000000 ) ;
#162 = CARTESIAN_POINT ( 'NONE',  ( -0.03000047914209804517, -0.02495435667210129174, 1.949999999999999956 ) ) ;
#163 = DIRECTION ( 'NONE',  ( 0.01629658384957489645, 0.07123758851217271149, -0.9973262391704152963 ) ) ;
#164 = CARTESIAN_POINT ( 'NONE',  ( -0.1847522863266802540, 0.02832756982752634295, 0.000000000000000000 ) ) ;
#165 = CARTESIAN_POINT ( 'NONE',  ( 0.06500000000000000222, 0.000000000000000000, 1.149999999999999911 ) ) ;
#166 = CARTESIAN_POINT ( 'NONE',  ( -0.03219382898980226171, 0.1391207011372731228, 0.2233160984834872131 ) ) ;
#167 = CARTESIAN_POINT ( 'NONE',  ( -0.04043191425099947056, 0.1332417644656795075, 0.2677257818433517733 ) ) ;
#168 = ORIENTED_EDGE ( 'NONE', *, *, #1279, .F. ) ;
#169 = ADVANCED_FACE ( 'NONE', ( #347 ), #936, .T. ) ;
#170 = CARTESIAN_POINT ( 'NONE',  ( -0.03925819172293278786, -0.02085833991957193601, 1.532692042557257883 ) ) ;
#171 = LINE ( 'NONE', #1285, #573 ) ;
#172 = CARTESIAN_POINT ( 'NONE',  ( -0.1530085895831352905, 0.04950857675278100972, 0.000000000000000000 ) ) ;
#173 = CARTESIAN_POINT ( 'NONE',  ( 0.1900716465055783955, 0.01673363340316356279, 0.000000000000000000 ) ) ;
#174 = CARTESIAN_POINT ( 'NONE',  ( -0.03676029172679574908, 0.1329152499287356293, 0.2877254803952878914 ) ) ;
#175 = CARTESIAN_POINT ( 'NONE',  ( 0.1211277311336774742, 0.06003531973143982209, 0.000000000000000000 ) ) ;
#176 = CARTESIAN_POINT ( 'NONE',  ( -0.03671706920481974251, -0.02471156012624709311, 1.799835405881476502 ) ) ;
#177 = CARTESIAN_POINT ( 'NONE',  ( 0.03424093691212996837, 0.003443669018935132005, 1.266525660519578489 ) ) ;
#178 = CARTESIAN_POINT ( 'NONE',  ( -0.1103588204518286542, 0.03432354999407580265, 0.4000000000000000222 ) ) ;
#179 = EDGE_CURVE ( 'NONE', #1622, #1576, #584, .T. ) ;
#180 = CARTESIAN_POINT ( 'NONE',  ( -0.05455050394695574317, 0.1447742294456940415, 0.04816401807948823138 ) ) ;
#181 = CARTESIAN_POINT ( 'NONE',  ( -0.06977270556913983679, 0.2029217904144562934, 0.000000000000000000 ) ) ;
#182 = CARTESIAN_POINT ( 'NONE',  ( 0.01641651476241420479, -0.02999999999999999889, 1.949999999999999956 ) ) ;
#183 = AXIS2_PLACEMENT_3D ( 'NONE', #1478, #345, #1603 ) ;
#184 = CARTESIAN_POINT ( 'NONE',  ( -0.03482434746608419757, 0.1335890681095250609, 0.2865126805603179228 ) ) ;
#185 = CARTESIAN_POINT ( 'NONE',  ( 0.02314944298041183776, -0.02817938153017882086, 1.950035137139789709 ) ) ;
#186 = CARTESIAN_POINT ( 'NONE',  ( 0.1177148025976742368, 0.06330271478283158726, 0.000000000000000000 ) ) ;
#187 = EDGE_CURVE ( 'NONE', #375, #105, #1304, .T. ) ;
#188 = CARTESIAN_POINT ( 'NONE',  ( -0.1000000000000000194, 0.05328724199786127880, 0.4000000000000001332 ) ) ;
#189 = ORIENTED_EDGE ( 'NONE', *, *, #390, .F. ) ;
#190 = CARTESIAN_POINT ( 'NONE',  ( 0.1868675841837986185, 0.02483896197861260383, 0.000000000000000000 ) ) ;
#191 = CARTESIAN_POINT ( 'NONE',  ( -0.02999408121858195345, -0.02490068402652972565, 1.949999999999999956 ) ) ;
#192 = CARTESIAN_POINT ( 'NONE',  ( 0.01649509185665960775, -0.02917636546109987628, 1.949999999999999956 ) ) ;
#193 = CARTESIAN_POINT ( 'NONE',  ( 0.03623509758528188629, 0.1330170448154583129, 0.2885074016935865182 ) ) ;
#194 = CARTESIAN_POINT ( 'NONE',  ( 0.1000000000000000333, -0.01499999999999989363, 1.150000000000000133 ) ) ;
#195 = CARTESIAN_POINT ( 'NONE',  ( -0.03070681160163411805, 0.1261869486851829869, 0.4000000000000001332 ) ) ;
#196 = PRODUCT_DEFINITION_SHAPE ( 'NONE', 'NONE',  #862 ) ;
#197 = CARTESIAN_POINT ( 'NONE',  ( 0.01657062389904890437, -0.02916768553294697697, 1.950008530491238901 ) ) ;
#198 = CARTESIAN_POINT ( 'NONE',  ( -0.09428090415820633563, 0.02500000000000000486, 0.7500000000000000000 ) ) ;
#199 = CARTESIAN_POINT ( 'NONE',  ( -0.1000000000000000056, -0.01499999999999999944, 1.149999999999999911 ) ) ;
#200 = CARTESIAN_POINT ( 'NONE',  ( -0.1129701626015781335, -0.02308213417203693746, 0.000000000000000000 ) ) ;
#201 = ORIENTED_EDGE ( 'NONE', *, *, #799, .T. ) ;
#202 =( LENGTH_UNIT ( ) NAMED_UNIT ( * ) SI_UNIT ( $, .METRE. ) );
#203 = CARTESIAN_POINT ( 'NONE',  ( 0.02074069983036418499, -0.02861392718734136198, 1.950063196293675638 ) ) ;
#204 = CARTESIAN_POINT ( 'NONE',  ( 0.1887768875255209089, 0.02093398320362042583, 0.000000000000000000 ) ) ;
#205 = CARTESIAN_POINT ( 'NONE',  ( -0.1218636626851422322, -0.02175022504800196849, 0.000000000000000000 ) ) ;
#206 = ORIENTED_EDGE ( 'NONE', *, *, #63, .T. ) ;
#207 = CARTESIAN_POINT ( 'NONE',  ( 0.1159621923732131743, 0.06586971972323493740, 0.000000000000000000 ) ) ;
#208 = CARTESIAN_POINT ( 'NONE',  ( -0.1749999999999999889, -1.058587577348375291E-16, 0.4000000000000000222 ) ) ;
#209 = CARTESIAN_POINT ( 'NONE',  ( -0.05646908056825793165, 0.1478127731323369831, 0.000000000000000000 ) ) ;
#210 = CARTESIAN_POINT ( 'NONE',  ( -0.1830672939585668013, 0.03070791894513164033, 0.000000000000000000 ) ) ;
#211 = CARTESIAN_POINT ( 'NONE',  ( 0.07235569557742808910, 0.1755978171400518761, 0.000000000000000000 ) ) ;
#212 = CARTESIAN_POINT ( 'NONE',  ( 0.1888473131124313864, 0.02077420926865422915, 0.000000000000000000 ) ) ;
#213 = CARTESIAN_POINT ( 'NONE',  ( -0.06800792572736999442, -0.02768315125251893938, 0.000000000000000000 ) ) ;
#214 = CARTESIAN_POINT ( 'NONE',  ( 0.02999116369614321376, -0.02490103164996034998, 1.949999999999999956 ) ) ;
#215 = ORIENTED_EDGE ( 'NONE', *, *, #467, .F. ) ;
#216 = CARTESIAN_POINT ( 'NONE',  ( 0.09080605418096791837, -0.003469769171118253833, 1.149999999999999911 ) ) ;
#217 = CARTESIAN_POINT ( 'NONE',  ( 0.03221624065980780577, 0.1386553498703979315, 0.2293608398920570501 ) ) ;
#218 = CARTESIAN_POINT ( 'NONE',  ( -0.1149455315580923953, 0.06793324262691111115, 0.000000000000000000 ) ) ;
#219 = B_SPLINE_CURVE_WITH_KNOTS ( 'NONE', 3,
 ( #545, #1277, #30, #174, #1047, #916, #1543, #1298, #667, #1174, #157, #1388, #406, #655, #1406, #1051, #551, #167, #1422, #1156, #731, #535, #108, #1038, #608, #787, #1107, #1534, #1181, #1578, #952, #180, #945, #1438 ),
 .UNSPECIFIED., .F., .F.,
 ( 4, 2, 2, 2, 2, 2, 2, 2, 2, 2, 2, 2, 2, 2, 2, 2, 4 ),
 ( 0.2905254013265018975, 0.2910887204286749519, 0.2916520395308480063, 0.2927786777351942815, 0.2950319541438869431, 0.2972852305525796046, 0.2995385069612722662, 0.3040450597786574227, 0.3085516125960426348, 0.3175647182308127814, 0.3265778238655829835, 0.3446040351351233877, 0.3626302464046637364, 0.3986826689437446003, 0.4347350914828254087, 0.5068399365609871365, 0.5789447816391488644 ),
 .UNSPECIFIED. ) ;
#220 = CARTESIAN_POINT ( 'NONE',  ( 0.1737818386315900798, 0.002484809045145885010, 0.4000000000000000222 ) ) ;
#221 = CARTESIAN_POINT ( 'NONE',  ( -0.1367073459063175567, -0.01909411553806343934, 0.000000000000000000 ) ) ;
#222 = CARTESIAN_POINT ( 'NONE',  ( 0.02971339744405031985, -0.02783301820957185049, 1.958020230214711166 ) ) ;
#223 = EDGE_LOOP ( 'NONE', ( #729, #1602, #1368, #542, #527, #455, #115, #888, #22, #1229 ) ) ;
#224 = CARTESIAN_POINT ( 'NONE',  ( -0.1177148025976740980, 0.06330271478283158726, 0.000000000000000000 ) ) ;
#225 = CARTESIAN_POINT ( 'NONE',  ( 0.1147214294970932830, 0.07396595754343900098, 0.000000000000000000 ) ) ;
#226 = CARTESIAN_POINT ( 'NONE',  ( 0.1408727380452151345, -0.01826083580286345237, 0.000000000000000000 ) ) ;
#227 = CARTESIAN_POINT ( 'NONE',  ( -0.01916500033706707018, -0.02888344090119888269, 1.949999999999999734 ) ) ;
#228 = CARTESIAN_POINT ( 'NONE',  ( 0.05673505261476885497, -0.02842314692209207960, 0.000000000000000000 ) ) ;
#229 = ORIENTED_EDGE ( 'NONE', *, *, #1180, .F. ) ;
#230 = EDGE_CURVE ( 'NONE', #1263, #1168, #759, .T. ) ;
#231 = CARTESIAN_POINT ( 'NONE',  ( -0.002001349697573946013, 0.1134664393599110893, 0.000000000000000000 ) ) ;
#232 = CARTESIAN_POINT ( 'NONE',  ( 0.03873066958946256438, 0.09708348754011393578, 0.3999999999999999667 ) ) ;
#233 = ORIENTED_EDGE ( 'NONE', *, *, #1482, .T. ) ;
#234 =( BOUNDED_CURVE ( )  B_SPLINE_CURVE ( 3, ( #57, #1064, #679, #564 ),
 .UNSPECIFIED., .F., .F. ) 
 B_SPLINE_CURVE_WITH_KNOTS ( ( 4, 4 ),
 ( 5.293373730093998475, 5.618580711337466838 ),
 .UNSPECIFIED. ) 
 CURVE ( )  GEOMETRIC_REPRESENTATION_ITEM ( )  RATIONAL_B_SPLINE_CURVE ( ( 1.000000000000000000, 0.9912061030635831438, 0.9912061030635831438, 1.000000000000000000 ) ) 
 REPRESENTATION_ITEM ( '' )  );
#235 = CARTESIAN_POINT ( 'NONE',  ( -0.02999408121858195345, -0.02490068402652972565, 1.949999999999999956 ) ) ;
#236 = CARTESIAN_POINT ( 'NONE',  ( -0.1500000000000014377, -0.06000000000000030309, 0.7500000000000000000 ) ) ;
#237 = CARTESIAN_POINT ( 'NONE',  ( 0.03648832140432842208, 0.1329609828831608831, 0.2882263908805481334 ) ) ;
#238 = FACE_OUTER_BOUND ( 'NONE', #1504, .T. ) ;
#239 = CARTESIAN_POINT ( 'NONE',  ( -0.09418320436671297202, -0.02531034308076144865, 0.3999999999999999667 ) ) ;
#240 = ORIENTED_EDGE ( 'NONE', *, *, #187, .T. ) ;
#241 = CARTESIAN_POINT ( 'NONE',  ( -0.1883450222397141383, 0.006393092797176451111, 0.000000000000000000 ) ) ;
#242 = CARTESIAN_POINT ( 'NONE',  ( 0.09232050807568809025, 0.1899038105676663368, 0.000000000000000000 ) ) ;
#243 = ORIENTED_EDGE ( 'NONE', *, *, #649, .F. ) ;
#244 = CARTESIAN_POINT ( 'NONE',  ( -0.02999408121857456352, -0.03499999999999998945, 1.950000000000000178 ) ) ;
#245 = CARTESIAN_POINT ( 'NONE',  ( 0.1241577929529246310, 0.05816973171145039395, 0.000000000000000000 ) ) ;
#246 = CARTESIAN_POINT ( 'NONE',  ( 0.03332794051917101208, -0.02354931237269302854, 1.799931648067632395 ) ) ;
#247 = CARTESIAN_POINT ( 'NONE',  ( 0.08671345520397724660, 0.1275829257032107533, 0.000000000000000000 ) ) ;
#248 = CARTESIAN_POINT ( 'NONE',  ( 0.1149455315580925341, 0.06793324262691116666, 0.000000000000000000 ) ) ;
#249 = CARTESIAN_POINT ( 'NONE',  ( -0.07964045207910318280, 0.01249999999999995733, 0.9499999999999999556 ) ) ;
#250 = CARTESIAN_POINT ( 'NONE',  ( 0.007291666666666466422, -0.02999999999999998848, 0.3999999999999999667 ) ) ;
#251 = ORIENTED_EDGE ( 'NONE', *, *, #1018, .F. ) ;
#252 = CARTESIAN_POINT ( 'NONE',  ( -0.02977073738721935231, -0.02780854836066925379, 1.952673410071570359 ) ) ;
#253 = CARTESIAN_POINT ( 'NONE',  ( 0.03964813994756459514, 0.1330517726164782977, 0.2736943072871833582 ) ) ;
#254 = CARTESIAN_POINT ( 'NONE',  ( 0.05051903114186850202, 0.1191118800461361260, 0.4000000000000000222 ) ) ;
#255 = CARTESIAN_POINT ( 'NONE',  ( 0.1499999999999999944, 1.675230440622074339E-16, 0.7500000000000000000 ) ) ;
#256 = VECTOR ( 'NONE', #364, 1.000000000000000000 ) ;
#257 = CARTESIAN_POINT ( 'NONE',  ( 0.01458311253766122161, -0.02992157337734105416, 0.4000000000000000222 ) ) ;
#258 = CARTESIAN_POINT ( 'NONE',  ( -0.09999999999999997780, 0.04999999999999998196, 0.4000000000000000222 ) ) ;
#259 = CARTESIAN_POINT ( 'NONE',  ( -0.1822872835722650353, 0.009561759981239871878, 0.2000000000000000111 ) ) ;
#260 = ORIENTED_EDGE ( 'NONE', *, *, #1180, .T. ) ;
#261 = CARTESIAN_POINT ( 'NONE',  ( 0.06500000000000002998, 0.03000000000000018624, 1.149999999999999911 ) ) ;
#262 = ORIENTED_EDGE ( 'NONE', *, *, #331, .F. ) ;
#263 = CARTESIAN_POINT ( 'NONE',  ( 0.1749999999999999889, 1.025745024705676353E-16, 0.4000000000000000222 ) ) ;
#264 = CARTESIAN_POINT ( 'NONE',  ( 0.05113599244830995677, 0.1405182465631749089, 0.1204011325367473628 ) ) ;
#265 = CARTESIAN_POINT ( 'NONE',  ( 0.07577091045111164491, 0.1365567618097948133, 0.000000000000000000 ) ) ;
#266 = CARTESIAN_POINT ( 'NONE',  ( -0.1888473131124311366, 0.02077420926865431589, 0.000000000000000000 ) ) ;
#267 = CARTESIAN_POINT ( 'NONE',  ( -0.06109217128667352587, -0.02815297843955527624, 0.000000000000000000 ) ) ;
#268 = LINE ( 'NONE', #20, #161 ) ;
#269 = CARTESIAN_POINT ( 'NONE',  ( -0.05646908056825793165, 0.1478127731323369831, 0.000000000000000000 ) ) ;
#270 = CARTESIAN_POINT ( 'NONE',  ( 0.02999408121858930520, -0.03499999999999954536, 1.969999999999999085 ) ) ;
#271 = ORIENTED_EDGE ( 'NONE', *, *, #445, .F. ) ;
#272 = CARTESIAN_POINT ( 'NONE',  ( -0.08303143198138962511, 0.09464024356142056171, 0.4000000000000001332 ) ) ;
#273 = CARTESIAN_POINT ( 'NONE',  ( -0.01711842662074980828, -0.03000000000000000236, 1.799817763915101176 ) ) ;
#274 = CARTESIAN_POINT ( 'NONE',  ( 0.04175814349215582755, 0.1336962121912021462, 0.2557260740172074831 ) ) ;
#275 =( NAMED_UNIT ( * ) SI_UNIT ( $, .STERADIAN. ) SOLID_ANGLE_UNIT ( ) );
#276 = CARTESIAN_POINT ( 'NONE',  ( -0.1742338929410101322, 0.001622017619488925989, 0.4000000000000000777 ) ) ;
#277 = CARTESIAN_POINT ( 'NONE',  ( 0.1892513962632971225, 0.01985704034541367277, 0.000000000000000000 ) ) ;
#278 = CARTESIAN_POINT ( 'NONE',  ( 0.06500000000000000222, 0.000000000000000000, 1.149999999999999911 ) ) ;
#279 = CARTESIAN_POINT ( 'NONE',  ( 0.03508528112929911597, 0.1334434967507995007, 0.2874236650474141785 ) ) ;
#280 = VERTEX_POINT ( 'NONE', #138 ) ;
#281 = CARTESIAN_POINT ( 'NONE',  ( -0.07782509079470188718, 0.1350588130173798196, 0.000000000000000000 ) ) ;
#282 = CARTESIAN_POINT ( 'NONE',  ( 0.1191204117687467423, 0.06174514382651008493, 0.000000000000000000 ) ) ;
#283 =( BOUNDED_CURVE ( )  B_SPLINE_CURVE ( 3, ( #314, #692, #817, #1193 ),
 .UNSPECIFIED., .F., .T. ) 
 B_SPLINE_CURVE_WITH_KNOTS ( ( 4, 4 ),
 ( 4.674376316746447380, 6.283185307179586232 ),
 .UNSPECIFIED. ) 
 CURVE ( )  GEOMETRIC_REPRESENTATION_ITEM ( )  RATIONAL_B_SPLINE_CURVE ( ( 1.000000000000000000, 0.7956935801298747890, 0.7956935801298747890, 1.000000000000000000 ) ) 
 REPRESENTATION_ITEM ( '' )  );
#284 = CARTESIAN_POINT ( 'NONE',  ( -0.06192789862420388508, -0.02118960029280039098, 1.266420438712807295 ) ) ;
#285 = CARTESIAN_POINT ( 'NONE',  ( 0.004166666666666664874, 0.1300000000000000044, 0.4000000000000001332 ) ) ;
#286 = CARTESIAN_POINT ( 'NONE',  ( -0.1068889649993270685, 0.03775677458326822528, 0.4000000000000000222 ) ) ;
#287 = CARTESIAN_POINT ( 'NONE',  ( 0.04868927143239452915, -0.02437477095082589765, 1.532424413642784700 ) ) ;
#288 = VECTOR ( 'NONE', #855, 1.000000000000000000 ) ;
#289 = CARTESIAN_POINT ( 'NONE',  ( -0.03221611371149814274, 0.1386560310893488468, 0.2293509964684546376 ) ) ;
#290 = ADVANCED_FACE ( 'NONE', ( #1431 ), #1149, .T. ) ;
#291 = ORIENTED_EDGE ( 'NONE', *, *, #868, .T. ) ;
#292 = CARTESIAN_POINT ( 'NONE',  ( 0.1847522863266803927, 0.02832756982752625968, 0.000000000000000000 ) ) ;
#293 = CARTESIAN_POINT ( 'NONE',  ( -0.03630409075431408755, 0.1330011511277737757, 0.2884403441461907969 ) ) ;
#294 = ORIENTED_EDGE ( 'NONE', *, *, #928, .T. ) ;
#295 = CARTESIAN_POINT ( 'NONE',  ( -0.1746692634926164667, 0.0007350458551919828018, 0.4000000000000001332 ) ) ;
#296 = CARTESIAN_POINT ( 'NONE',  ( 0.1691496709527613718, -0.007724275031846227976, 0.4000000000000000222 ) ) ;
#297 = CARTESIAN_POINT ( 'NONE',  ( 0.1736809176316728431, 0.03989585095871321652, 0.000000000000000000 ) ) ;
#298 = CARTESIAN_POINT ( 'NONE',  ( -0.02999408121858196732, -0.02499999999999999445, 1.949999999999999512 ) ) ;
#299 = CARTESIAN_POINT ( 'NONE',  ( -0.03364392741832816780, 0.1346058290761711074, 0.2775609507865100523 ) ) ;
#300 = CARTESIAN_POINT ( 'NONE',  ( 0.03767953438173143876, 0.1241142176497288807, 0.3999999999999999667 ) ) ;
#301 = CARTESIAN_POINT ( 'NONE',  ( -0.07288792211679935573, -0.01417742644567450243, 1.149999999999999911 ) ) ;
#302 = CARTESIAN_POINT ( 'NONE',  ( -0.1737818386315900798, 0.002484809045145718476, 0.4000000000000000222 ) ) ;
#303 = CARTESIAN_POINT ( 'NONE',  ( 0.1710065499574467407, -0.006466317840022597560, 0.3999999999999999112 ) ) ;
#304 = CARTESIAN_POINT ( 'NONE',  ( -0.1746677882479673038, -0.001907196875028750304, 0.4000000000000001332 ) ) ;
#305 = CARTESIAN_POINT ( 'NONE',  ( 0.01836838136276744762, -0.03000000000000000930, 1.532375355111398774 ) ) ;
#306 = EDGE_CURVE ( 'NONE', #760, #1093, #1469, .T. ) ;
#307 = CARTESIAN_POINT ( 'NONE',  ( -0.03491503793292404650, 0.1335349612593510205, 0.2868771039023215175 ) ) ;
#308 = CARTESIAN_POINT ( 'NONE',  ( 0.01679846547536907250, -0.02914224392211163181, 1.950019934760976126 ) ) ;
#309 = CARTESIAN_POINT ( 'NONE',  ( 0.1153742777949832987, 0.06699504930509864176, 0.000000000000000000 ) ) ;
#310 = CARTESIAN_POINT ( 'NONE',  ( -0.09465309798059259871, 0.07609435982466036807, 0.4000000000000001887 ) ) ;
#311 = CARTESIAN_POINT ( 'NONE',  ( 0.1540401384374579796, 0.01828081435945808769, 0.4000000000000001332 ) ) ;
#312 = UNCERTAINTY_MEASURE_WITH_UNIT (LENGTH_MEASURE( 1.000000000000000082E-05 ), #202, 'distance_accuracy_value', 'NONE');
#313 = CARTESIAN_POINT ( 'NONE',  ( 0.06009938380138566544, -0.009540372551641456561, 1.266579303234848686 ) ) ;
#314 = CARTESIAN_POINT ( 'NONE',  ( 0.03744894861892267973, 0.1548490336861141903, 0.000000000000000000 ) ) ;
#315 = CARTESIAN_POINT ( 'NONE',  ( -0.08720835495443030050, -0.02609323437584959438, 0.000000000000000000 ) ) ;
#316 = ORIENTED_EDGE ( 'NONE', *, *, #559, .F. ) ;
#317 = CARTESIAN_POINT ( 'NONE',  ( -0.01649509177767397722, -0.02917636844413037597, 1.950000000000000178 ) ) ;
#318 = CARTESIAN_POINT ( 'NONE',  ( -0.1493836913704616465, -0.01562693572438256934, 0.4000000000000000222 ) ) ;
#319 = CARTESIAN_POINT ( 'NONE',  ( -0.09428090415820633563, 0.02500000000000000486, 0.7500000000000000000 ) ) ;
#320 = CARTESIAN_POINT ( 'NONE',  ( 0.008333207164377971765, 0.1297908623395761518, 0.3999999999999999112 ) ) ;
#321 = CARTESIAN_POINT ( 'NONE',  ( 0.01801384921686066329, -0.02899806507236496120, 1.950046493070497711 ) ) ;
#322 = ADVANCED_FACE ( 'NONE', ( #424 ), #565, .T. ) ;
#323 = APPLICATION_PROTOCOL_DEFINITION ( 'draft international standard', 'automotive_design', 1998, #927 ) ;
#324 = CARTESIAN_POINT ( 'NONE',  ( 0.03232761112179689117, 0.1377087899191060949, 0.2414281635019748518 ) ) ;
#325 = CARTESIAN_POINT ( 'NONE',  ( 0.07288792211679934185, -0.01417742644567450590, 1.150000000000000133 ) ) ;
#326 = CARTESIAN_POINT ( 'NONE',  ( 0.09428090415820636339, 0.02499999999999995282, 0.7500000000000000000 ) ) ;
#327 = LINE ( 'NONE', #1465, #1052 ) ;
#328 = CARTESIAN_POINT ( 'NONE',  ( 0.1153742777949832987, 0.06699504930509864176, 0.000000000000000000 ) ) ;
#329 = ORIENTED_EDGE ( 'NONE', *, *, #1562, .T. ) ;
#330 = CARTESIAN_POINT ( 'NONE',  ( 0.001753353076769425048, -0.02000839355086641430, 1.949999999999999734 ) ) ;
#331 = EDGE_CURVE ( 'NONE', #1168, #905, #1281, .T. ) ;
#332 = CARTESIAN_POINT ( 'NONE',  ( -0.1847522863266802540, 0.02832756982752634295, 0.000000000000000000 ) ) ;
#333 = CARTESIAN_POINT ( 'NONE',  ( -0.1895745671445300817, 0.01912351996247986519, 0.000000000000000000 ) ) ;
#334 = CARTESIAN_POINT ( 'NONE',  ( -0.1622958090447192969, -0.01236546395511546950, 0.000000000000000000 ) ) ;
#335 = ORIENTED_EDGE ( 'NONE', *, *, #1202, .F. ) ;
#336 = CARTESIAN_POINT ( 'NONE',  ( 0.1006131320577710181, 0.04830584142434580369, 0.4000000000000000222 ) ) ;
#337 = ORIENTED_EDGE ( 'NONE', *, *, #505, .F. ) ;
#338 = CARTESIAN_POINT ( 'NONE',  ( 0.03000170176318039950, -0.02500674814867292692, 1.949999999999999956 ) ) ;
#339 = ADVANCED_FACE ( 'NONE', ( #1446 ), #1061, .T. ) ;
#340 = CARTESIAN_POINT ( 'NONE',  ( 0.1613527089931944825, -0.01274510972724771443, 0.000000000000000000 ) ) ;
#341 = CARTESIAN_POINT ( 'NONE',  ( 0.02361037842576657261, -0.02191524015232023184, 1.950000000000000178 ) ) ;
#342 = CARTESIAN_POINT ( 'NONE',  ( -0.1749999999999999889, -1.058587577348375291E-16, 0.4000000000000000222 ) ) ;
#343 = CARTESIAN_POINT ( 'NONE',  ( -0.05003550295858018998, -0.02877396449704145917, 0.4000000000000001887 ) ) ;
#344 = ORIENTED_EDGE ( 'NONE', *, *, #1425, .F. ) ;
#345 = DIRECTION ( 'NONE',  ( 0.000000000000000000, 0.000000000000000000, 1.000000000000000000 ) ) ;
#346 = PRODUCT_DEFINITION_CONTEXT ( 'detailed design', #642, 'design' ) ;
#347 = FACE_OUTER_BOUND ( 'NONE', #638, .T. ) ;
#348 = CARTESIAN_POINT ( 'NONE',  ( 0.09918275449225458229, 0.06021501316626598488, 0.4000000000000000777 ) ) ;
#349 = CARTESIAN_POINT ( 'NONE',  ( -0.1757825235950839504, -0.006383952803720616131, 0.000000000000000000 ) ) ;
#350 = CARTESIAN_POINT ( 'NONE',  ( -0.03671706920481974251, -0.02471156012624708964, 1.799835405881476502 ) ) ;
#351 = VECTOR ( 'NONE', #1025, 1.000000000000000000 ) ;
#352 = CARTESIAN_POINT ( 'NONE',  ( 0.1089028876281380731, -0.02364176010647165566, 0.000000000000000000 ) ) ;
#353 = CARTESIAN_POINT ( 'NONE',  ( -0.1749999999999999889, -1.118335532354553041E-16, 0.4000000000000000222 ) ) ;
#354 = CARTESIAN_POINT ( 'NONE',  ( 0.02141016151377374277, 0.1070834875401138336, 0.3999999999999999667 ) ) ;
#355 = ORIENTED_EDGE ( 'NONE', *, *, #87, .F. ) ;
#356 = CARTESIAN_POINT ( 'NONE',  ( 0.03377193257523644632, 0.1344546453496300031, 0.2790808100876026043 ) ) ;
#357 = CARTESIAN_POINT ( 'NONE',  ( 0.1211277311336774742, 0.06003531973143982209, 0.000000000000000000 ) ) ;
#358 = CARTESIAN_POINT ( 'NONE',  ( -0.1616363079771669931, 0.04644989874119286738, 0.000000000000000000 ) ) ;
#359 = CARTESIAN_POINT ( 'NONE',  ( 0.1034993478357085356, 0.1065150398118616948, 0.000000000000000000 ) ) ;
#360 = CARTESIAN_POINT ( 'NONE',  ( -0.02539607870295276792, 0.1582590239024429801, 0.000000000000000000 ) ) ;
#361 = CARTESIAN_POINT ( 'NONE',  ( 0.1742338929410101045, 0.001622017619489102280, 0.4000000000000000222 ) ) ;
#362 = CARTESIAN_POINT ( 'NONE',  ( 0.03056068255163071901, -0.02955640460656582674, 0.000000000000000000 ) ) ;
#363 = CARTESIAN_POINT ( 'NONE',  ( -0.02999433166675723877, -0.02498061803214941812, 1.950000000000000178 ) ) ;
#364 = DIRECTION ( 'NONE',  ( 0.03637076797399708961, -0.04772265965116488651, 0.9981982343166115879 ) ) ;
#365 = ORIENTED_EDGE ( 'NONE', *, *, #1562, .F. ) ;
#366 = CARTESIAN_POINT ( 'NONE',  ( -0.05767949192431047478, 0.2099038105676661325, 0.000000000000000000 ) ) ;
#367 = CARTESIAN_POINT ( 'NONE',  ( -0.02999408121858197079, -0.02499999999999955036, 1.950000000000000178 ) ) ;
#368 = CARTESIAN_POINT ( 'NONE',  ( -0.02993850652084465574, -0.02508733718948030766, 1.952672396055103787 ) ) ;
#369 = CARTESIAN_POINT ( 'NONE',  ( 0.08710358166988055317, 0.08937905590434012948, 0.4000000000000001332 ) ) ;
#370 = CARTESIAN_POINT ( 'NONE',  ( 0.1750000000000000444, -0.05999999999999994921, 0.4000000000000000222 ) ) ;
#371 = FACE_OUTER_BOUND ( 'NONE', #223, .T. ) ;
#372 = CARTESIAN_POINT ( 'NONE',  ( 2.540311030516843588E-17, -0.03020518568314483482, 0.000000000000000000 ) ) ;
#373 = CARTESIAN_POINT ( 'NONE',  ( 0.02536286471056613603, -0.02968815124101009673, 0.000000000000000000 ) ) ;
#374 = ORIENTED_EDGE ( 'NONE', *, *, #680, .T. ) ;
#375 = VERTEX_POINT ( 'NONE', #428 ) ;
#376 = EDGE_CURVE ( 'NONE', #760, #90, #47, .T. ) ;
#377 = CARTESIAN_POINT ( 'NONE',  ( -0.06250779769693248777, 0.1448501795273136328, 0.000000000000000000 ) ) ;
#378 = CARTESIAN_POINT ( 'NONE',  ( 0.06500000000000002998, 0.03000000000000018624, 1.149999999999999911 ) ) ;
#379 = CARTESIAN_POINT ( 'NONE',  ( 0.02999116369614321376, -0.02490103164996034998, 1.949999999999999956 ) ) ;
#380 = CARTESIAN_POINT ( 'NONE',  ( 0.1000000000000000056, 0.05000000000000001665, 0.4000000000000000222 ) ) ;
#381 = CARTESIAN_POINT ( 'NONE',  ( -0.1899892668236547177, 0.01228605500551901986, 0.000000000000000000 ) ) ;
#382 = CARTESIAN_POINT ( 'NONE',  ( 0.08346538378291210036, -0.02644325115493342815, 0.000000000000000000 ) ) ;
#383 = CARTESIAN_POINT ( 'NONE',  ( -0.03744902687608861469, 0.1548491715226167631, 0.000000000000000000 ) ) ;
#384 = CARTESIAN_POINT ( 'NONE',  ( 0.1883109787412594605, 0.02196875028675070521, 0.000000000000000000 ) ) ;
#385 = CARTESIAN_POINT ( 'NONE',  ( 0.004089653438084941105, 0.1170834875401137315, 0.3999999999999999667 ) ) ;
#386 = ORIENTED_EDGE ( 'NONE', *, *, #854, .F. ) ;
#387 = CARTESIAN_POINT ( 'NONE',  ( -0.08050563932208493201, 0.1329928406237641525, 0.000000000000000000 ) ) ;
#388 = CARTESIAN_POINT ( 'NONE',  ( 0.03000078339472380881, -0.02498081697981903437, 1.949999999999999956 ) ) ;
#389 = CARTESIAN_POINT ( 'NONE',  ( 0.04420069915605782940, 0.1348789215048276924, 0.2286963462505228195 ) ) ;
#390 = EDGE_CURVE ( 'NONE', #961, #1263, #1005, .T. ) ;
#391 = CARTESIAN_POINT ( 'NONE',  ( 0.05646909802405321310, 0.1478128037594636512, 0.000000000000000000 ) ) ;
#392 = CARTESIAN_POINT ( 'NONE',  ( -0.1879868453634161440, 0.02265474176116195545, 0.000000000000000000 ) ) ;
#393 = B_SPLINE_CURVE_WITH_KNOTS ( 'NONE', 3,
 ( #383, #636, #1522, #7, #513, #405, #1512, #1014, #394, #166, #289, #1288, #662, #1611, #493, #994, #681, #540, #938, #299, #65, #35, #1308, #41, #808, #1162, #1300, #184, #307, #813, #677, #800, #1190, #568, #1067, #1048, #1184, #1563, #562, #1062, #293, #1283 ),
 .UNSPECIFIED., .F., .F.,
 ( 4, 2, 2, 2, 2, 2, 2, 2, 2, 2, 2, 2, 2, 2, 2, 2, 2, 2, 2, 2, 4 ),
 ( 0.000000000000000000, 0.07263135033162564091, 0.1452627006632512263, 0.1815783758290640537, 0.2178940509948768811, 0.2360518885777832532, 0.2542097261606895975, 0.2632886449521427696, 0.2723675637435959418, 0.2769070231393224724, 0.2814464825350490584, 0.2837162122329123237, 0.2859859419307755890, 0.2871208067797072494, 0.2882556716286389098, 0.2888231040531047400, 0.2893905364775705147, 0.2896742526898034020, 0.2899579689020362339, 0.2902416851142690657, 0.2905254013265018975 ),
 .UNSPECIFIED. ) ;
#394 = CARTESIAN_POINT ( 'NONE',  ( -0.03219490872728296427, 0.1404976716282209936, 0.2052106922429357549 ) ) ;
#395 = CARTESIAN_POINT ( 'NONE',  ( 0.1887291904721359048, 0.02104239380895232131, 0.000000000000000000 ) ) ;
#396 = CARTESIAN_POINT ( 'NONE',  ( -0.1499999999999999944, 0.000000000000000000, 0.7500000000000000000 ) ) ;
#397 = ORIENTED_EDGE ( 'NONE', *, *, #376, .F. ) ;
#398 = CARTESIAN_POINT ( 'NONE',  ( -0.07152470131318459934, 0.1059554276554459662, 0.3999999999999999667 ) ) ;
#399 = SURFACE_SIDE_STYLE ('',( #1529 ) ) ;
#400 = VERTEX_POINT ( 'NONE', #45 ) ;
#401 = ADVANCED_FACE ( 'NONE', ( #761 ), #25, .F. ) ;
#402 = CARTESIAN_POINT ( 'NONE',  ( -0.1740400983945004088, 0.001998930464436600180, 0.4000000000000000222 ) ) ;
#403 =( BOUNDED_CURVE ( )  B_SPLINE_CURVE ( 3, ( #441, #236, #734, #1236 ),
 .UNSPECIFIED., .F., .F. ) 
 B_SPLINE_CURVE_WITH_KNOTS ( ( 4, 4 ),
 ( 3.141592653589788231, 6.283185307179586232 ),
 .UNSPECIFIED. ) 
 CURVE ( )  GEOMETRIC_REPRESENTATION_ITEM ( )  RATIONAL_B_SPLINE_CURVE ( ( 1.000000000000000000, 0.3333333333333317050, 0.3333333333333317050, 1.000000000000000000 ) ) 
 REPRESENTATION_ITEM ( '' )  );
#404 = CARTESIAN_POINT ( 'NONE',  ( 0.1858445696968586969, 0.002221250468264641606, 0.000000000000000000 ) ) ;
#405 = CARTESIAN_POINT ( 'NONE',  ( -0.03277120031991476862, 0.1440286173088962118, 0.1569221540198911524 ) ) ;
#406 = CARTESIAN_POINT ( 'NONE',  ( -0.03859749438630789842, 0.1328873880765789051, 0.2804149900575839127 ) ) ;
#407 = CARTESIAN_POINT ( 'NONE',  ( 0.03630412718996012256, 0.1330010531993129352, 0.2884405926661107178 ) ) ;
#408 = ORIENTED_EDGE ( 'NONE', *, *, #1218, .T. ) ;
#409 = CARTESIAN_POINT ( 'NONE',  ( 0.1662380640261063303, 0.01159707899697650507, 0.4000000000000000777 ) ) ;
#410 = CARTESIAN_POINT ( 'NONE',  ( -0.09080605418096789061, -0.003469769171118256435, 1.150000000000000133 ) ) ;
#411 = CARTESIAN_POINT ( 'NONE',  ( -0.05452222691800286819, 0.1171045669025784219, 0.3999999999999999112 ) ) ;
#412 = CARTESIAN_POINT ( 'NONE',  ( -0.1830672939585668013, 0.03070791894513164033, 0.000000000000000000 ) ) ;
#413 = CARTESIAN_POINT ( 'NONE',  ( 0.1218667902389475866, -0.02175960606113862272, 0.000000000000000000 ) ) ;
#414 = STYLED_ITEM ( 'NONE', ( #754 ), #1282 ) ;
#415 = CARTESIAN_POINT ( 'NONE',  ( -0.002001349697573946013, 0.1134664393599110893, 0.000000000000000000 ) ) ;
#416 = EDGE_LOOP ( 'NONE', ( #1467, #337, #1544 ) ) ;
#417 = CARTESIAN_POINT ( 'NONE',  ( -0.1048038541539679791, 0.1042801402657625720, 0.000000000000000000 ) ) ;
#418 = B_SPLINE_SURFACE_WITH_KNOTS ( 'NONE', 3, 1, ( 
 ( #1250, #1294 ),
 ( #975, #216 ),
 ( #476, #1594 ),
 ( #607, #1324 ) ),
 .UNSPECIFIED., .F., .F., .F.,
 ( 4, 4 ),
 ( 2, 2 ),
 ( 0.000000000000000000, 1.000000000000000000 ),
 ( 0.000000000000000000, 1.000000000000000000 ),
 .UNSPECIFIED. ) ;
#419 = CARTESIAN_POINT ( 'NONE',  ( -0.02999780903288227010, -0.02506042746494909282, 1.949999999999999956 ) ) ;
#420 = CARTESIAN_POINT ( 'NONE',  ( -0.06500000000000026590, 0.008278725148846411558, 1.150000000000000133 ) ) ;
#421 = CARTESIAN_POINT ( 'NONE',  ( -0.1699362677109571562, 0.008044699288128604950, 0.4000000000000000222 ) ) ;
#422 = CARTESIAN_POINT ( 'NONE',  ( 0.1371128728727677160, -0.01901992709715304153, 0.000000000000000000 ) ) ;
#423 =( BOUNDED_CURVE ( )  B_SPLINE_CURVE ( 3, ( #1108, #585, #722, #1480 ),
 .UNSPECIFIED., .F., .F. ) 
 B_SPLINE_CURVE_WITH_KNOTS ( ( 4, 4 ),
 ( 3.798962565561101901, 3.811926349404477943 ),
 .UNSPECIFIED. ) 
 CURVE ( )  GEOMETRIC_REPRESENTATION_ITEM ( )  RATIONAL_B_SPLINE_CURVE ( ( 1.000000000000000000, 0.9999859950747398418, 0.9999859950747398418, 1.000000000000000000 ) ) 
 REPRESENTATION_ITEM ( '' )  );
#424 = FACE_OUTER_BOUND ( 'NONE', #1495, .T. ) ;
#425 = EDGE_CURVE ( 'NONE', #818, #598, #1433, .T. ) ;
#426 = CARTESIAN_POINT ( 'NONE',  ( -0.03424093691213017654, 0.003443669018935093407, 1.266525660519578489 ) ) ;
#427 = CARTESIAN_POINT ( 'NONE',  ( -0.1868675841837984519, 0.02483896197861269750, 0.000000000000000000 ) ) ;
#428 = CARTESIAN_POINT ( 'NONE',  ( -0.07499999999999927558, 0.1999038105676662347, 0.000000000000000000 ) ) ;
#429 = CARTESIAN_POINT ( 'NONE',  ( -0.09912370735414931244, 0.06056772140454793479, 0.4000000000000000222 ) ) ;
#430 = CARTESIAN_POINT ( 'NONE',  ( -0.1749999999999999889, -1.058587577348375291E-16, 0.4000000000000000222 ) ) ;
#431 = CARTESIAN_POINT ( 'NONE',  ( 0.1732158469558050529, 0.003486082512628345311, 0.4000000000000000777 ) ) ;
#432 = EDGE_CURVE ( 'NONE', #1106, #1417, #1351, .T. ) ;
#433 = CARTESIAN_POINT ( 'NONE',  ( -0.03579096779845616916, -0.02117799385559219691, 1.799840822123486284 ) ) ;
#434 = CARTESIAN_POINT ( 'NONE',  ( 6.852289646804424705E-09, -0.02000000000001185552, 1.949999999999999956 ) ) ;
#435 = CARTESIAN_POINT ( 'NONE',  ( 0.007028546990108836164, -0.02006004342387547948, 1.950000000000000178 ) ) ;
#436 = CARTESIAN_POINT ( 'NONE',  ( -0.1794020144535144468, -0.003834474913330515426, 0.000000000000000000 ) ) ;
#437 = CARTESIAN_POINT ( 'NONE',  ( -0.09999999999999997780, 0.04999999999999994726, 0.4000000000000000222 ) ) ;
#438 = CARTESIAN_POINT ( 'NONE',  ( -0.07288792211679936961, -0.01417742644567450416, 1.150000000000000133 ) ) ;
#439 = CARTESIAN_POINT ( 'NONE',  ( 0.01653223172956981568, -0.02917192807314769945, 1.950008043948594505 ) ) ;
#440 = CARTESIAN_POINT ( 'NONE',  ( -0.02999408121858197079, -0.02499999999999910280, 1.949999999999999512 ) ) ;
#441 = CARTESIAN_POINT ( 'NONE',  ( -0.1499999999999999944, -1.132486891362694949E-17, 0.7500000000000000000 ) ) ;
#442 = CARTESIAN_POINT ( 'NONE',  ( -0.1734005477481206925, -0.004047298882405707052, 0.4000000000000000222 ) ) ;
#443 =( BOUNDED_CURVE ( )  B_SPLINE_CURVE ( 3, ( #519, #792, #923, #1021 ),
 .UNSPECIFIED., .F., .T. ) 
 B_SPLINE_CURVE_WITH_KNOTS ( ( 4, 4 ),
 ( 5.618580711337466838, 6.279311114311849629 ),
 .UNSPECIFIED. ) 
 CURVE ( )  GEOMETRIC_REPRESENTATION_ITEM ( )  RATIONAL_B_SPLINE_CURVE ( ( 1.000000000000000000, 0.9639492929648634245, 0.9639492929648634245, 1.000000000000000000 ) ) 
 REPRESENTATION_ITEM ( '' )  );
#444 = CARTESIAN_POINT ( 'NONE',  ( 0.02551073827948763251, -0.01535696576595778177, 1.532454536461633765 ) ) ;
#445 = EDGE_CURVE ( 'NONE', #664, #1106, #1527, .T. ) ;
#446 = CARTESIAN_POINT ( 'NONE',  ( 0.01646224944819242586, -0.02081968003814603160, 1.949999999999999956 ) ) ;
#447 = B_SPLINE_CURVE_WITH_KNOTS ( 'NONE', 3,
 ( #713, #482, #1126, #1027, #637 ),
 .UNSPECIFIED., .F., .F.,
 ( 4, 1, 4 ),
 ( 0.000000000000000000, 0.4384501816421731424, 1.000000000000000000 ),
 .UNSPECIFIED. ) ;
#448 = CARTESIAN_POINT ( 'NONE',  ( -0.07671505509178000448, -0.02701574239173531317, 0.000000000000000000 ) ) ;
#449 =( BOUNDED_CURVE ( )  B_SPLINE_CURVE ( 3, ( #1075, #1083, #1457, #836 ),
 .UNSPECIFIED., .F., .F. ) 
 B_SPLINE_CURVE_WITH_KNOTS ( ( 4, 4 ),
 ( 4.130220656679314928, 4.712388980384687898 ),
 .UNSPECIFIED. ) 
 CURVE ( )  GEOMETRIC_REPRESENTATION_ITEM ( )  RATIONAL_B_SPLINE_CURVE ( ( 1.000000000000000000, 0.9719555292773955912, 0.9719555292773955912, 1.000000000000000000 ) ) 
 REPRESENTATION_ITEM ( '' )  );
#450 = CARTESIAN_POINT ( 'NONE',  ( 0.03307120143809550578, 0.1354478037585803429, 0.2685603687722705191 ) ) ;
#451 = B_SPLINE_CURVE_WITH_KNOTS ( 'NONE', 3,
 ( #192, #439, #197, #951, #1427, #308, #671, #1314, #1056, #682, #321, #819, #569, #203, #1191, #1448, #695, #809, #185, #563, #1309, #802, #678, #932, #1073, #691, #1068, #1196 ),
 .UNSPECIFIED., .F., .F.,
 ( 4, 2, 2, 2, 2, 2, 2, 2, 2, 2, 2, 2, 2, 4 ),
 ( 0.007426299808598931657, 0.007542112279946863555, 0.007657924751294795454, 0.007889549693990631496, 0.008352799579382320927, 0.009279299350165704993, 0.01113229889173247833, 0.01298529843329924993, 0.01391179820408263226, 0.01437504808947433037, 0.01460667303217017335, 0.01472248550351808877, 0.01478039173919204821, 0.01483829797486600766 ),
 .UNSPECIFIED. ) ;
#452 = CARTESIAN_POINT ( 'NONE',  ( -0.1885122201707768730, 0.02152925955046070330, 0.000000000000000000 ) ) ;
#453 = DIRECTION ( 'NONE',  ( 0.07286549572840264610, 0.06221247074091891538, -0.9953995318547043114 ) ) ;
#454 = CARTESIAN_POINT ( 'NONE',  ( -0.1524312679222911970, -0.01476714596412762905, 0.3999999999999999667 ) ) ;
#455 = ORIENTED_EDGE ( 'NONE', *, *, #1505, .T. ) ;
#456 = CARTESIAN_POINT ( 'NONE',  ( 0.1015097372785198210, 0.04616920533566454266, 0.4000000000000000222 ) ) ;
#457 = ORIENTED_EDGE ( 'NONE', *, *, #1009, .F. ) ;
#458 = CARTESIAN_POINT ( 'NONE',  ( -0.0004760978189189593699, -0.01999999998186850064, 1.949999999999999956 ) ) ;
#459 = CARTESIAN_POINT ( 'NONE',  ( 0.07692116191944228798, -0.01695577643809471902, 1.266102709668725179 ) ) ;
#460 = CARTESIAN_POINT ( 'NONE',  ( 0.02781193989516120291, -0.02717772176206035423, 1.949999999999999956 ) ) ;
#461 = DIRECTION ( 'NONE',  ( -0.1239489534584725661, -0.03718468603754192942, 0.9915916276677808616 ) ) ;
#462 = CARTESIAN_POINT ( 'NONE',  ( 0.02979940735880382691, -0.02779631343621796064, 1.949999999999999956 ) ) ;
#463 = CARTESIAN_POINT ( 'NONE',  ( 0.1149455315580925341, 0.06793324262691112503, 0.000000000000000000 ) ) ;
#464 = EDGE_LOOP ( 'NONE', ( #1291, #956, #1378, #738 ) ) ;
#465 = SHAPE_DEFINITION_REPRESENTATION ( #196, #1076 ) ;
#466 = CARTESIAN_POINT ( 'NONE',  ( 0.03241549530689972342, 0.1372272314943806248, 0.2474608478404139722 ) ) ;
#467 = EDGE_CURVE ( 'NONE', #995, #664, #118, .T. ) ;
#468 = CARTESIAN_POINT ( 'NONE',  ( -0.1338534006391450260, 0.05438758694910427599, 0.000000000000000000 ) ) ;
#469 = CARTESIAN_POINT ( 'NONE',  ( 0.03604721706086690125, 0.1552538738387964912, 0.000000000000000000 ) ) ;
#470 = CARTESIAN_POINT ( 'NONE',  ( -0.03744902687608861469, 0.1548491715226167631, 0.000000000000000000 ) ) ;
#471 = CARTESIAN_POINT ( 'NONE',  ( -0.02141016151377374277, 0.1070834875401138336, 0.3999999999999999667 ) ) ;
#472 = CARTESIAN_POINT ( 'NONE',  ( -0.01649509177767397722, -0.02917636844413037597, 1.950000000000000178 ) ) ;
#473 = CARTESIAN_POINT ( 'NONE',  ( -0.04365380582081809790, -0.02907450193597604579, 0.000000000000000000 ) ) ;
#474 = CARTESIAN_POINT ( 'NONE',  ( 0.01640401521499402701, -0.02999999999999999889, 1.952674424088036931 ) ) ;
#475 = ORIENTED_EDGE ( 'NONE', *, *, #306, .F. ) ;
#476 = CARTESIAN_POINT ( 'NONE',  ( 0.1070507252945721993, 0.005232873476231260888, 0.7500000000000000000 ) ) ;
#477 = CARTESIAN_POINT ( 'NONE',  ( -0.1191204117687466868, 0.06174514382651008493, 0.000000000000000000 ) ) ;
#478 = CARTESIAN_POINT ( 'NONE',  ( 0.06606258560616777575, 0.1428526213411490942, 0.000000000000000000 ) ) ;
#479 = CARTESIAN_POINT ( 'NONE',  ( -0.1149455315580923953, 0.06793324262691111115, 0.000000000000000000 ) ) ;
#480 = CARTESIAN_POINT ( 'NONE',  ( 0.1000000000000000194, -0.01499999999999988842, 1.149999999999999911 ) ) ;
#481 = CARTESIAN_POINT ( 'NONE',  ( 0.1394582936993147837, -0.01812381858301360948, 0.4000000000000002442 ) ) ;
#482 = CARTESIAN_POINT ( 'NONE',  ( -0.07692116191944228798, -0.01695577643809472596, 1.266102709668725179 ) ) ;
#483 = EDGE_LOOP ( 'NONE', ( #1454, #1136, #329, #475, #128, #135, #1085, #1525, #516, #201, #1007, #614, #1113, #1468, #1441, #537 ) ) ;
#484 = CARTESIAN_POINT ( 'NONE',  ( -0.1153742777949831599, 0.06699504930509866951, 0.000000000000000000 ) ) ;
#485 = VECTOR ( 'NONE', #453, 1.000000000000000000 ) ;
#486 = CARTESIAN_POINT ( 'NONE',  ( 0.1118357414167367725, 0.08720622065851554860, 0.000000000000000000 ) ) ;
#487 = CARTESIAN_POINT ( 'NONE',  ( 0.09397974790644933463, 0.1208983418522513453, 0.000000000000000000 ) ) ;
#488 = CARTESIAN_POINT ( 'NONE',  ( 0.1517506473701699110, -0.01563521766001504942, 0.000000000000000000 ) ) ;
#489 = CARTESIAN_POINT ( 'NONE',  ( 0.1890074400512920250, 0.02041072410098009743, 0.000000000000000000 ) ) ;
#490 = CARTESIAN_POINT ( 'NONE',  ( 0.1102520798148494963, -0.02332332520172628737, 0.4000000000000001332 ) ) ;
#491 = ORIENTED_EDGE ( 'NONE', *, *, #1098, .F. ) ;
#492 = CARTESIAN_POINT ( 'NONE',  ( -0.1382510432614589002, 0.01887212981968849207, 0.7500000000000000000 ) ) ;
#493 = CARTESIAN_POINT ( 'NONE',  ( -0.03272064218539195990, 0.1362300502187993312, 0.2595112963650666460 ) ) ;
#494 = LINE ( 'NONE', #259, #256 ) ;
#495 = ORIENTED_EDGE ( 'NONE', *, *, #10, .F. ) ;
#496 = CARTESIAN_POINT ( 'NONE',  ( -0.07499999999999927558, 0.1999038105676662347, 0.000000000000000000 ) ) ;
#497 = CARTESIAN_POINT ( 'NONE',  ( -0.02999408121857456699, -0.03499999999999954536, 1.969999999999999085 ) ) ;
#498 = CARTESIAN_POINT ( 'NONE',  ( 0.1338534006391451925, 0.05438758694910426211, 0.000000000000000000 ) ) ;
#499 =( BOUNDED_SURFACE ( )  B_SPLINE_SURFACE ( 3, 1, ( 
 ( #1006, #899 ),
 ( #1397, #523 ),
 ( #156, #915 ),
 ( #258, #1125 ) ),
 .UNSPECIFIED., .F., .F., .T. ) 
 B_SPLINE_SURFACE_WITH_KNOTS ( ( 4, 4 ),
 ( 2, 2 ),
 ( 0.000000000000000000, 1.000000000000000000 ),
 ( 0.000000000000000000, 1.000000000000000000 ),
 .UNSPECIFIED. ) 
 GEOMETRIC_REPRESENTATION_ITEM ( )  RATIONAL_B_SPLINE_SURFACE ( (
 ( 1.000000000000000000, 1.000000000000000000),
 ( 0.3333333333333333703, 0.5555555555555553582),
 ( 0.3333333333333333703, 0.5555555555555553582),
 ( 1.000000000000000000, 1.000000000000000000) ) ) 
 REPRESENTATION_ITEM ( '' )  SURFACE ( )  );
#500 = CARTESIAN_POINT ( 'NONE',  ( -0.06500000000000082101, 0.03000000000000009256, 1.149999999999999911 ) ) ;
#501 = CARTESIAN_POINT ( 'NONE',  ( 0.03985129024328492447, 0.1330972559791825660, 0.2722006007392669402 ) ) ;
#502 = CARTESIAN_POINT ( 'NONE',  ( 0.04646451319026844579, 0.1519882012504028823, 0.000000000000000000 ) ) ;
#503 = DIRECTION ( 'NONE',  ( 0.07286549572840257671, -0.06221247074091926926, 0.9953995318547043114 ) ) ;
#504 = CARTESIAN_POINT ( 'NONE',  ( -0.01458311253766164488, -0.02992157337734107150, 0.4000000000000000222 ) ) ;
#505 = EDGE_CURVE ( 'NONE', #598, #606, #283, .T. ) ;
#506 = CARTESIAN_POINT ( 'NONE',  ( 0.07499999999999927558, 0.1999038105676662347, 0.000000000000000000 ) ) ;
#507 = VERTEX_POINT ( 'NONE', #317 ) ;
#508 = CARTESIAN_POINT ( 'NONE',  ( -0.03332794051917101208, -0.02354931237269301814, 1.799931648067632395 ) ) ;
#509 = CARTESIAN_POINT ( 'NONE',  ( 0.05234077384968769536, 0.1419007182084325303, 0.09632260395996905533 ) ) ;
#510 = CARTESIAN_POINT ( 'NONE',  ( 0.08200000000000000344, 0.09586666666666668335, 0.3999999999999999667 ) ) ;
#511 = CARTESIAN_POINT ( 'NONE',  ( -0.1802378585670704469, -0.003295991446155163013, 0.000000000000000000 ) ) ;
#512 = CARTESIAN_POINT ( 'NONE',  ( -0.04801578270013566463, -0.02887556963154639875, 0.000000000000000000 ) ) ;
#513 = CARTESIAN_POINT ( 'NONE',  ( -0.03348805810921344495, 0.1466092818668861264, 0.1207054174820176434 ) ) ;
#514 = ORIENTED_EDGE ( 'NONE', *, *, #1032, .F. ) ;
#515 = CARTESIAN_POINT ( 'NONE',  ( 0.03664236584895156496, 0.09346643935991132135, 0.000000000000000000 ) ) ;
#516 = ORIENTED_EDGE ( 'NONE', *, *, #432, .T. ) ;
#517 = B_SPLINE_CURVE_WITH_KNOTS ( 'NONE', 3,
 ( #816, #684, #67, #1069 ),
 .UNSPECIFIED., .F., .F.,
 ( 4, 4 ),
 ( 0.000000000000000000, 1.000000000000000000 ),
 .UNSPECIFIED. ) ;
#518 = CARTESIAN_POINT ( 'NONE',  ( -0.07499999999999927558, 0.1999038105676662347, 0.000000000000000000 ) ) ;
#519 = CARTESIAN_POINT ( 'NONE',  ( -0.02361038130724178383, -0.02191523100546575314, 1.949999999999999956 ) ) ;
#520 = CARTESIAN_POINT ( 'NONE',  ( 0.1000000000000000056, 0.05000000000000001665, 0.4000000000000000222 ) ) ;
#521 = CARTESIAN_POINT ( 'NONE',  ( -0.1279135021623780399, 0.05646185448668173540, 0.000000000000000000 ) ) ;
#522 = CARTESIAN_POINT ( 'NONE',  ( 0.1884965566180006324, 0.006699012580402599094, 0.000000000000000000 ) ) ;
#523 = CARTESIAN_POINT ( 'NONE',  ( 0.05656854249492388603, 0.1050000000000000239, 0.7500000000000000000 ) ) ;
#524 = CARTESIAN_POINT ( 'NONE',  ( 0.1859418539174035323, 0.02646047629747791397, 0.000000000000000000 ) ) ;
#525 = CARTESIAN_POINT ( 'NONE',  ( 0.03664236584895156496, 0.09346643935991132135, 0.000000000000000000 ) ) ;
#526 = CARTESIAN_POINT ( 'NONE',  ( 0.03528711874034216184, 0.1333444226948490574, 0.2879447304298779486 ) ) ;
#527 = ORIENTED_EDGE ( 'NONE', *, *, #505, .T. ) ;
#528 = CARTESIAN_POINT ( 'NONE',  ( -0.03636596185812251969, 0.1329876936043820068, 0.2883683864940703723 ) ) ;
#529 = CARTESIAN_POINT ( 'NONE',  ( 0.05555338059966191677, 0.1462657980817748948, 0.02408116667394253479 ) ) ;
#530 = CARTESIAN_POINT ( 'NONE',  ( -0.008333207164377961357, 0.1297908623395762351, 0.4000000000000001332 ) ) ;
#531 =( LENGTH_UNIT ( ) NAMED_UNIT ( * ) SI_UNIT ( $, .METRE. ) );
#532 = CARTESIAN_POINT ( 'NONE',  ( -0.1015097372785197793, 0.04616920533566450102, 0.4000000000000000222 ) ) ;
#533 = CARTESIAN_POINT ( 'NONE',  ( 0.1743414697981257311, -0.002645489136999731004, 0.4000000000000000222 ) ) ;
#534 = CARTESIAN_POINT ( 'NONE',  ( -0.1499999999999999944, -1.132486891362694949E-17, 0.7500000000000000000 ) ) ;
#535 = CARTESIAN_POINT ( 'NONE',  ( -0.04264752836898814264, 0.1340677020612541515, 0.2467284084760283658 ) ) ;
#536 = CARTESIAN_POINT ( 'NONE',  ( 0.002001349697573946013, 0.1134664393599110893, 0.000000000000000000 ) ) ;
#537 = ORIENTED_EDGE ( 'NONE', *, *, #1516, .T. ) ;
#538 = CARTESIAN_POINT ( 'NONE',  ( -0.06006002963488304286, 0.1140360008949565240, 0.3999999999999999667 ) ) ;
#539 = CARTESIAN_POINT ( 'NONE',  ( 0.1427851435086195941, 0.05209913863558984087, 0.000000000000000000 ) ) ;
#540 = CARTESIAN_POINT ( 'NONE',  ( -0.03332633962769451091, 0.1350360845496956508, 0.2730565442688737132 ) ) ;
#541 = CARTESIAN_POINT ( 'NONE',  ( -0.04359861591695501915, 0.1220645905420991995, 0.4000000000000001332 ) ) ;
#542 = ORIENTED_EDGE ( 'NONE', *, *, #1018, .T. ) ;
#543 = CARTESIAN_POINT ( 'NONE',  ( -0.1191204117687466868, 0.06174514382651008493, 0.000000000000000000 ) ) ;
#544 = CARTESIAN_POINT ( 'NONE',  ( 0.1901713101341223344, 0.01261569825293606603, 0.000000000000000000 ) ) ;
#545 = CARTESIAN_POINT ( 'NONE',  ( -0.03636596185812251969, 0.1329876936043820068, 0.2883683864940703723 ) ) ;
#546 = ORIENTED_EDGE ( 'NONE', *, *, #962, .F. ) ;
#547 = CARTESIAN_POINT ( 'NONE',  ( 0.1150502440655551961, 0.03103250683429535639, 0.4000000000000000222 ) ) ;
#548 = CARTESIAN_POINT ( 'NONE',  ( 0.03247466476800760227, 0.1257325738697045447, 0.4000000000000000777 ) ) ;
#549 = CARTESIAN_POINT ( 'NONE',  ( 0.04669146554344473510, -0.01939323365361259738, 1.532439475052209232 ) ) ;
#550 = CARTESIAN_POINT ( 'NONE',  ( -0.1027530293814684914, 0.04368800329283280270, 0.4000000000000000222 ) ) ;
#551 = CARTESIAN_POINT ( 'NONE',  ( -0.03984968321874172298, 0.1330969639869380716, 0.2722126109651817338 ) ) ;
#552 = CARTESIAN_POINT ( 'NONE',  ( 0.1000000000000000056, 0.05000000000000001665, 0.4000000000000000222 ) ) ;
#553 = VECTOR ( 'NONE', #461, 1.000000000000000000 ) ;
#554 = CARTESIAN_POINT ( 'NONE',  ( 0.1103588204518287097, 0.03432354999407585122, 0.4000000000000000222 ) ) ;
#555 = CARTESIAN_POINT ( 'NONE',  ( -0.09080605418096787673, -0.003469769171118256001, 1.149999999999999911 ) ) ;
#556 = CARTESIAN_POINT ( 'NONE',  ( -0.1211277311336773632, 0.06003531973143982903, 0.000000000000000000 ) ) ;
#557 = CARTESIAN_POINT ( 'NONE',  ( 0.1744846097223395898, -0.007191105541363870118, 0.000000000000000000 ) ) ;
#558 = CARTESIAN_POINT ( 'NONE',  ( 0.03744894861892267973, 0.1548490336861141903, 0.000000000000000000 ) ) ;
#559 = EDGE_CURVE ( 'NONE', #147, #848, #58, .T. ) ;
#560 = CARTESIAN_POINT ( 'NONE',  ( 0.06500000000000001610, 0.000000000000000000, 1.150000000000000133 ) ) ;
#561 = CARTESIAN_POINT ( 'NONE',  ( 0.1592568576579220518, 0.01608258422937288226, 0.4000000000000001332 ) ) ;
#562 = CARTESIAN_POINT ( 'NONE',  ( -0.03607320858259385754, 0.1330589638433163913, 0.2886041123339196379 ) ) ;
#563 = CARTESIAN_POINT ( 'NONE',  ( 0.02337411971137140151, -0.02813325601272534046, 1.950027232005509203 ) ) ;
#564 = CARTESIAN_POINT ( 'NONE',  ( -0.02361038130724178383, -0.02191523100546575314, 1.949999999999999956 ) ) ;
#565 = B_SPLINE_SURFACE_WITH_KNOTS ( 'NONE', 3, 3, ( 
 ( #1506, #1616, #892, #508, #1182, #368, #882, #1381 ),
 ( #119, #1139, #1371, #14, #1423, #252, #750, #1 ),
 ( #1019, #901, #1392, #273, #1031, #773, #1273, #149 ),
 ( #1150, #1554, #305, #1306, #182, #474, #1575, #828 ),
 ( #701, #1208, #95, #589, #462, #1342, #694, #222 ),
 ( #194, #717, #1194, #597, #1570, #1094, #686, #71 ) ),
 .UNSPECIFIED., .F., .F., .F.,
 ( 4, 2, 4 ),
 ( 4, 1, 3, 4 ),
 ( 0.000000000000000000, 0.5000000000000000000, 1.000000000000000000 ),
 ( 0.000000000000000000, 0.4384501816421731424, 1.000000000000000000, 1.010000000000000009 ),
 .UNSPECIFIED. ) ;
#566 = CARTESIAN_POINT ( 'NONE',  ( -0.07499999999999927558, 0.1999038105676662347, 0.000000000000000000 ) ) ;
#567 = CARTESIAN_POINT ( 'NONE',  ( -0.1172886704305515365, -0.02243726353264383078, 0.000000000000000000 ) ) ;
#568 = CARTESIAN_POINT ( 'NONE',  ( -0.03551952032104227497, 0.1332449041937590617, 0.2883469527832829837 ) ) ;
#569 = CARTESIAN_POINT ( 'NONE',  ( 0.01953044132465452110, -0.02879672551164419100, 1.950060993590468694 ) ) ;
#570 = CARTESIAN_POINT ( 'NONE',  ( -0.1802564928634177166, -0.003188058858025492361, 0.000000000000000000 ) ) ;
#571 =( BOUNDED_CURVE ( )  B_SPLINE_CURVE ( 3, ( #805, #181, #674, #53 ),
 .UNSPECIFIED., .F., .T. ) 
 B_SPLINE_CURVE_WITH_KNOTS ( ( 4, 4 ),
 ( 0.000000000000000000, 1.608806141327930650 ),
 .UNSPECIFIED. ) 
 CURVE ( )  GEOMETRIC_REPRESENTATION_ITEM ( )  RATIONAL_B_SPLINE_CURVE ( ( 1.000000000000000000, 0.7956942643114068847, 0.7956942643114068847, 1.000000000000000000 ) ) 
 REPRESENTATION_ITEM ( '' )  );
#572 = CARTESIAN_POINT ( 'NONE',  ( -0.03451829478431471532, 0.1250971455893304940, 0.4000000000000001887 ) ) ;
#573 = VECTOR ( 'NONE', #163, 1.000000000000000000 ) ;
#574 = EDGE_CURVE ( 'NONE', #375, #1357, #571, .T. ) ;
#575 = CARTESIAN_POINT ( 'NONE',  ( 0.02966979526974795542, -0.02218022562282610799, 1.949999999999999956 ) ) ;
#576 = CARTESIAN_POINT ( 'NONE',  ( 0.01646224944819242586, -0.02081968003814603160, 1.949999999999999956 ) ) ;
#577 = CARTESIAN_POINT ( 'NONE',  ( 0.07499999999999927558, 0.1999038105676662347, 0.000000000000000000 ) ) ;
#578 = CARTESIAN_POINT ( 'NONE',  ( -0.1243708680462243948, -0.02113120128997589622, 0.4000000000000000777 ) ) ;
#579 = CARTESIAN_POINT ( 'NONE',  ( 0.1000000000000000194, -0.01500000000000000118, 1.150000000000000133 ) ) ;
#580 = CARTESIAN_POINT ( 'NONE',  ( 0.1739345285876273683, 0.002200117247311303512, 0.4000000000000000222 ) ) ;
#581 = CARTESIAN_POINT ( 'NONE',  ( -0.03664236584895156496, 0.09346643935991132135, 0.000000000000000000 ) ) ;
#582 = CARTESIAN_POINT ( 'NONE',  ( -0.006818359973594777246, -0.02004848777490566766, 1.949999999999999956 ) ) ;
#583 = CARTESIAN_POINT ( 'NONE',  ( 6.852289646804424705E-09, -0.02000000000001185552, 1.949999999999999956 ) ) ;
#584 =( BOUNDED_CURVE ( )  B_SPLINE_CURVE ( 3, ( #430, #1253, #630, #263 ),
 .UNSPECIFIED., .F., .F. ) 
 B_SPLINE_CURVE_WITH_KNOTS ( ( 4, 4 ),
 ( 3.141592653589790451, 6.283185307179586232 ),
 .UNSPECIFIED. ) 
 CURVE ( )  GEOMETRIC_REPRESENTATION_ITEM ( )  RATIONAL_B_SPLINE_CURVE ( ( 1.000000000000000000, 0.3333333333333324822, 0.3333333333333324822, 1.000000000000000000 ) ) 
 REPRESENTATION_ITEM ( '' )  );
#585 = CARTESIAN_POINT ( 'NONE',  ( -0.02366884738943209401, -0.02807228863959886425, 1.949999999999999956 ) ) ;
#586 = CARTESIAN_POINT ( 'NONE',  ( 0.02159596214789889432, -0.02148771898158954863, 1.950000000000000178 ) ) ;
#587 = CARTESIAN_POINT ( 'NONE',  ( 0.1741000472428350931, 0.001883420662886578327, 0.3999999999999999667 ) ) ;
#588 = CARTESIAN_POINT ( 'NONE',  ( -0.1821745191765151151, -0.001654102408280770480, 0.000000000000000000 ) ) ;
#589 = CARTESIAN_POINT ( 'NONE',  ( 0.03140936909236405339, -0.02710926147589318852, 1.799874705991366675 ) ) ;
#590 = ORIENTED_EDGE ( 'NONE', *, *, #425, .T. ) ;
#591 = CARTESIAN_POINT ( 'NONE',  ( 0.03348781715878068610, 0.1466087382030708264, 0.1207112165715373969 ) ) ;
#592 = CARTESIAN_POINT ( 'NONE',  ( -0.1868675841837984519, 0.02483896197861269750, 0.000000000000000000 ) ) ;
#593 = FACE_OUTER_BOUND ( 'NONE', #1408, .T. ) ;
#594 = CARTESIAN_POINT ( 'NONE',  ( 0.1735335660987761541, 0.002934567826236762506, 0.4000000000000000222 ) ) ;
#595 = CARTESIAN_POINT ( 'NONE',  ( 0.09956361290841025946, -0.02478971344147630484, 0.000000000000000000 ) ) ;
#596 = ORIENTED_EDGE ( 'NONE', *, *, #1596, .F. ) ;
#597 = CARTESIAN_POINT ( 'NONE',  ( 0.03332794051917101208, -0.02354931237269303895, 1.799931648067632395 ) ) ;
#598 = VERTEX_POINT ( 'NONE', #558 ) ;
#599 = CARTESIAN_POINT ( 'NONE',  ( -0.1886445338585117648, 0.02123391983047829418, 0.000000000000000000 ) ) ;
#600 = CARTESIAN_POINT ( 'NONE',  ( 0.1888487997176860611, 0.007568242051027866159, 0.000000000000000000 ) ) ;
#601 = CARTESIAN_POINT ( 'NONE',  ( -0.02152264334011744912, -0.02852370203828318018, 1.949999999999999734 ) ) ;
#602 = CARTESIAN_POINT ( 'NONE',  ( -0.03056085511849502417, -0.02955549602573825929, 0.000000000000000000 ) ) ;
#603 = EDGE_LOOP ( 'NONE', ( #1487, #741, #1259, #596 ) ) ;
#604 = CARTESIAN_POINT ( 'NONE',  ( -0.03873066958946256438, 0.09708348754011393578, 0.3999999999999999667 ) ) ;
#605 = CARTESIAN_POINT ( 'NONE',  ( -0.01694747263727396092, 0.0006461163323589167199, 0.3999999999999999667 ) ) ;
#606 = VERTEX_POINT ( 'NONE', #577 ) ;
#607 = CARTESIAN_POINT ( 'NONE',  ( 0.09428090415820634951, 0.02500000000000000139, 0.7500000000000000000 ) ) ;
#608 = CARTESIAN_POINT ( 'NONE',  ( -0.04467517815273665954, 0.1351620506365403818, 0.2226912785305233122 ) ) ;
#609 = CARTESIAN_POINT ( 'NONE',  ( -0.1211277311336773632, 0.06003531973143982903, 0.000000000000000000 ) ) ;
#610 = CARTESIAN_POINT ( 'NONE',  ( 0.05276262808060086518, 0.1495090738884724546, 0.000000000000000000 ) ) ;
#611 = CARTESIAN_POINT ( 'NONE',  ( 0.1015553108826681983, -0.02479191208148410347, 0.000000000000000000 ) ) ;
#612 = CARTESIAN_POINT ( 'NONE',  ( 0.1749999999999999889, 1.025745014150318943E-16, 0.4000000000000000222 ) ) ;
#613 = CARTESIAN_POINT ( 'NONE',  ( 0.06109358011204304995, -0.02816070957595463720, 0.000000000000000000 ) ) ;
#614 = ORIENTED_EDGE ( 'NONE', *, *, #1317, .T. ) ;
#615 = CARTESIAN_POINT ( 'NONE',  ( -0.06500000000000000222, 0.000000000000000000, 1.149999999999999911 ) ) ;
#616 = CARTESIAN_POINT ( 'NONE',  ( 0.1279135021623781787, 0.05646185448668174234, 0.000000000000000000 ) ) ;
#617 = CARTESIAN_POINT ( 'NONE',  ( 0.05656854249492388603, 0.1050000000000000239, 0.7500000000000000000 ) ) ;
#618 = CARTESIAN_POINT ( 'NONE',  ( 0.04467564517247115535, 0.1351621739479972606, 0.2226844956017657862 ) ) ;
#619 = EDGE_CURVE ( 'NONE', #12, #507, #1410, .T. ) ;
#620 = CARTESIAN_POINT ( 'NONE',  ( 0.09976949207032927147, 0.05649408600533347563, 0.4000000000000000222 ) ) ;
#621 = CARTESIAN_POINT ( 'NONE',  ( -0.1074727657790461866, 0.05896662131345550145, 0.2000000000000000111 ) ) ;
#622 = CARTESIAN_POINT ( 'NONE',  ( 0.1834089013366280718, -0.0005105572323533657392, 0.000000000000000000 ) ) ;
#623 = VECTOR ( 'NONE', #852, 1.000000000000000000 ) ;
#624 = VECTOR ( 'NONE', #708, 1.000000000000000000 ) ;
#625 = CARTESIAN_POINT ( 'NONE',  ( -0.03611834319526652237, -0.02937988165680476688, 0.3999999999999999667 ) ) ;
#626 = DIRECTION ( 'NONE',  ( 0.03730035920516887316, 0.04475694886442731918, -0.9983013065860991686 ) ) ;
#627 = ORIENTED_EDGE ( 'NONE', *, *, #63, .F. ) ;
#628 = CARTESIAN_POINT ( 'NONE',  ( -0.05158848878865159027, 0.02064611633235868826, 0.3999999999999999667 ) ) ;
#629 = CARTESIAN_POINT ( 'NONE',  ( -0.05276112249198475213, 0.1495099736856115025, 0.000000000000000000 ) ) ;
#630 = CARTESIAN_POINT ( 'NONE',  ( 0.1750000000000000444, -0.05999999999999994921, 0.4000000000000000222 ) ) ;
#631 = CARTESIAN_POINT ( 'NONE',  ( 0.06684516229619769101, 0.1095117412332002049, 0.4000000000000001332 ) ) ;
#632 = CARTESIAN_POINT ( 'NONE',  ( 0.1127087933136425718, 0.01328447950029106386, 0.4000000000000000222 ) ) ;
#633 = CARTESIAN_POINT ( 'NONE',  ( -0.1834089013366279608, -0.0005105572323533553308, 0.000000000000000000 ) ) ;
#634 = CARTESIAN_POINT ( 'NONE',  ( 0.04365216882563913159, -0.02908175924401147638, 0.000000000000000000 ) ) ;
#635 = EDGE_CURVE ( 'NONE', #782, #1093, #683, .T. ) ;
#636 = CARTESIAN_POINT ( 'NONE',  ( -0.03648386488224820284, 0.1532401892362139084, 0.02413765167151262978 ) ) ;
#637 = CARTESIAN_POINT ( 'NONE',  ( -0.02999433166675723877, -0.02498061803214941812, 1.950000000000000178 ) ) ;
#638 = EDGE_LOOP ( 'NONE', ( #1593, #397, #1613, #1440 ) ) ;
#639 = CARTESIAN_POINT ( 'NONE',  ( -0.03426798071296277559, 0.01064611633235880428, 0.3999999999999999667 ) ) ;
#640 = CARTESIAN_POINT ( 'NONE',  ( -0.07354042086731646388, 0.1381863454099249711, 0.000000000000000000 ) ) ;
#641 = CARTESIAN_POINT ( 'NONE',  ( 0.02999906585987940216, -0.02502087337338749357, 1.950000000000000178 ) ) ;
#642 = APPLICATION_CONTEXT ( 'automotive_design' ) ;
#643 = CARTESIAN_POINT ( 'NONE',  ( -0.04783862793320599327, 0.1202555187484987687, 0.4000000000000000222 ) ) ;
#644 = CARTESIAN_POINT ( 'NONE',  ( 0.02999906585987940216, -0.02502087337338749357, 1.950000000000000178 ) ) ;
#645 = CARTESIAN_POINT ( 'NONE',  ( 0.1749999999999999889, 2.154275658491614837E-16, 0.4000000000000000222 ) ) ;
#646 = CARTESIAN_POINT ( 'NONE',  ( 0.1499999999999999944, 1.675230440622074339E-16, 0.7500000000000000000 ) ) ;
#647 = CARTESIAN_POINT ( 'NONE',  ( 0.1778351173966953858, 0.03642794547465771915, 0.000000000000000000 ) ) ;
#648 = CARTESIAN_POINT ( 'NONE',  ( 0.07499999999999927558, 0.1999038105676662347, 0.000000000000000000 ) ) ;
#649 = EDGE_CURVE ( 'NONE', #848, #1622, #1302, .T. ) ;
#650 = EDGE_LOOP ( 'NONE', ( #985, #1401, #33, #491, #1159, #1095, #271, #215, #1380, #89, #866 ) ) ;
#651 = CARTESIAN_POINT ( 'NONE',  ( -0.08308526666088791868, 0.1308016617288035033, 0.000000000000000000 ) ) ;
#652 = CARTESIAN_POINT ( 'NONE',  ( 0.09428090415820636339, 0.02499999999999995282, 0.7500000000000000000 ) ) ;
#653 = ORIENTED_EDGE ( 'NONE', *, *, #1505, .F. ) ;
#654 = CARTESIAN_POINT ( 'NONE',  ( -0.1890074400512919695, 0.02041072410098016335, 0.000000000000000000 ) ) ;
#655 = CARTESIAN_POINT ( 'NONE',  ( -0.03898081162346794110, 0.1329318417928575524, 0.2781832879774188694 ) ) ;
#656 = B_SPLINE_CURVE_WITH_KNOTS ( 'NONE', 1,
 ( #153, #785 ),
 .UNSPECIFIED., .F., .F.,
 ( 2, 2 ),
 ( 0.000000000000000000, 0.7209218482929766747 ),
 .UNSPECIFIED. ) ;
#657 = CARTESIAN_POINT ( 'NONE',  ( 0.03459150937774255891, 0.1337395587000247410, 0.2854204282662581305 ) ) ;
#658 = EDGE_LOOP ( 'NONE', ( #251, #1017, #1536, #514, #408, #316, #291, #335, #762, #590 ) ) ;
#659 = CARTESIAN_POINT ( 'NONE',  ( -0.07378662339439129303, -0.007953744313728562665, 1.266261574190766348 ) ) ;
#660 = VERTEX_POINT ( 'NONE', #1079 ) ;
#661 = CARTESIAN_POINT ( 'NONE',  ( -0.1735335660987761541, 0.002934567826236600743, 0.4000000000000000222 ) ) ;
#662 = CARTESIAN_POINT ( 'NONE',  ( -0.03241524743488310295, 0.1372279619925413086, 0.2474508441066362863 ) ) ;
#663 = CARTESIAN_POINT ( 'NONE',  ( 0.1887768875255209089, 0.02093398320362042583, 0.000000000000000000 ) ) ;
#664 = VERTEX_POINT ( 'NONE', #1216 ) ;
#665 = CARTESIAN_POINT ( 'NONE',  ( -0.1006131320577709903, 0.04830584142434578288, 0.4000000000000000222 ) ) ;
#666 = CARTESIAN_POINT ( 'NONE',  ( 0.1806351953454432002, -0.002902087655101509740, 0.000000000000000000 ) ) ;
#667 = CARTESIAN_POINT ( 'NONE',  ( -0.03768645053911983539, 0.1328432234875424611, 0.2848521789568315699 ) ) ;
#668 = CARTESIAN_POINT ( 'NONE',  ( 0.01204496336720616706, -0.02033691887754689176, 1.950000000000000178 ) ) ;
#669 = CARTESIAN_POINT ( 'NONE',  ( -0.1135807592534520682, 0.08133206646760536562, 0.000000000000000000 ) ) ;
#670 = CARTESIAN_POINT ( 'NONE',  ( -0.04768836318478570507, -0.01805035881356576583, 1.532513623280942427 ) ) ;
#671 = CARTESIAN_POINT ( 'NONE',  ( 0.01687445843011392207, -0.02913363819831645343, 1.950022494733371081 ) ) ;
#672 = ADVANCED_FACE ( 'NONE', ( #238 ), #61, .T. ) ;
#673 = CARTESIAN_POINT ( 'NONE',  ( -0.1859418539174032547, 0.02646047629747797988, 0.000000000000000000 ) ) ;
#674 = CARTESIAN_POINT ( 'NONE',  ( -0.05404180036756491695, 0.1840474391860884573, 0.000000000000000000 ) ) ;
#675 = CARTESIAN_POINT ( 'NONE',  ( -0.05656854249492376113, 0.1050000000000000377, 0.7500000000000000000 ) ) ;
#676 = CARTESIAN_POINT ( 'NONE',  ( 0.1830672939585669678, 0.03070791894513153625, 0.000000000000000000 ) ) ;
#677 = CARTESIAN_POINT ( 'NONE',  ( -0.03514296137451810437, 0.1334138400902361299, 0.2875912731408307166 ) ) ;
#678 = CARTESIAN_POINT ( 'NONE',  ( 0.02359854653861646195, -0.02808618490256102260, 1.950016171529385778 ) ) ;
#679 = CARTESIAN_POINT ( 'NONE',  ( -0.02159596305020336504, -0.02148771913086425234, 1.949999999999999956 ) ) ;
#680 = EDGE_CURVE ( 'NONE', #90, #1263, #1585, .T. ) ;
#681 = CARTESIAN_POINT ( 'NONE',  ( -0.03307049510343295501, 0.1354489934723273614, 0.2685464280343451415 ) ) ;
#682 = CARTESIAN_POINT ( 'NONE',  ( 0.01771013510110620165, -0.02903561999877049896, 1.950042113369151231 ) ) ;
#683 = B_SPLINE_CURVE_WITH_KNOTS ( 'NONE', 3,
 ( #480, #972, #1111, #959, #1474 ),
 .UNSPECIFIED., .F., .F.,
 ( 4, 1, 4 ),
 ( 0.000000000000000000, 0.4384501816421731424, 1.000000000000000000 ),
 .UNSPECIFIED. ) ;
#684 = CARTESIAN_POINT ( 'NONE',  ( 0.09080605418096791837, -0.003469769171118253833, 1.149999999999999911 ) ) ;
#685 = CARTESIAN_POINT ( 'NONE',  ( 0.03683703220963451680, 0.1329045100040414928, 0.2875527063233398462 ) ) ;
#686 = CARTESIAN_POINT ( 'NONE',  ( 0.02987920400880703792, -0.02511424691401152251, 1.955344792110207619 ) ) ;
#687 = CARTESIAN_POINT ( 'NONE',  ( -0.07499999999999927558, 0.1999038105676662347, 0.000000000000000000 ) ) ;
#688 = EDGE_LOOP ( 'NONE', ( #1195, #294, #627, #62 ) ) ;
#689 = EDGE_CURVE ( 'NONE', #961, #782, #1491, .T. ) ;
#690 = CARTESIAN_POINT ( 'NONE',  ( -0.02870977964906301638, 0.1570152871017889140, 0.000000000000000000 ) ) ;
#691 = CARTESIAN_POINT ( 'NONE',  ( 0.02371059103665969225, -0.02806224997661217399, 1.950006535074452207 ) ) ;
#692 = CARTESIAN_POINT ( 'NONE',  ( 0.05404174236720744873, 0.1840473719540569597, 0.000000000000000000 ) ) ;
#693 = CARTESIAN_POINT ( 'NONE',  ( -0.09187421019865368854, -0.02561389126865787694, 0.000000000000000000 ) ) ;
#694 = CARTESIAN_POINT ( 'NONE',  ( 0.02974206741563482220, -0.02782078328512055387, 1.955346820143140762 ) ) ;
#695 = CARTESIAN_POINT ( 'NONE',  ( 0.02254922636589251281, -0.02829756867001065671, 1.950048628871703382 ) ) ;
#696 = CARTESIAN_POINT ( 'NONE',  ( 0.03536617633556705248, 0.1333081396146368613, 0.2881145112823753074 ) ) ;
#697 = CARTESIAN_POINT ( 'NONE',  ( -0.1000000000000014072, -0.04500000000000021344, 1.149999999999999911 ) ) ;
#698 = CARTESIAN_POINT ( 'NONE',  ( 0.1746692634926164667, 0.0007350458551921724287, 0.4000000000000000222 ) ) ;
#699 = CARTESIAN_POINT ( 'NONE',  ( -0.1464893351407538513, -0.01643832876066052620, 0.4000000000000000222 ) ) ;
#700 = ORIENTED_EDGE ( 'NONE', *, *, #705, .F. ) ;
#701 = CARTESIAN_POINT ( 'NONE',  ( 0.1000000000000000333, -0.02327872514884639712, 1.150000000000000133 ) ) ;
#702 = CARTESIAN_POINT ( 'NONE',  ( 0.1150818526445666068, 0.06762290353864397474, 0.000000000000000000 ) ) ;
#703 = PRODUCT_RELATED_PRODUCT_CATEGORY ( 'part', '', ( #823 ) ) ;
#704 = CARTESIAN_POINT ( 'NONE',  ( -0.1807893445946266164, 0.03347033569800016151, 0.000000000000000000 ) ) ;
#705 = EDGE_CURVE ( 'NONE', #1622, #905, #327, .T. ) ;
#706 = CARTESIAN_POINT ( 'NONE',  ( 0.09428090415820634951, 0.02500000000000000139, 0.7500000000000000000 ) ) ;
#707 = CARTESIAN_POINT ( 'NONE',  ( -0.1367596910434456248, -0.01874064204721256205, 0.4000000000000000222 ) ) ;
#708 = DIRECTION ( 'NONE',  ( 0.01629658384957489645, -0.07123758851217246169, 0.9973262391704152963 ) ) ;
#709 = CARTESIAN_POINT ( 'NONE',  ( 6.852289646804424705E-09, -0.02000000000001185552, 1.949999999999999956 ) ) ;
#710 = CARTESIAN_POINT ( 'NONE',  ( 0.01649509185665960775, -0.02917636546109987628, 1.949999999999999956 ) ) ;
#711 = EDGE_CURVE ( 'NONE', #400, #1540, #1210, .T. ) ;
#712 = CARTESIAN_POINT ( 'NONE',  ( -1.276436068062443419E-08, 0.1617409743474878536, 0.000000000000000000 ) ) ;
#713 = CARTESIAN_POINT ( 'NONE',  ( -0.1000000000000000056, -0.01499999999999999944, 1.149999999999999911 ) ) ;
#714 = CARTESIAN_POINT ( 'NONE',  ( 0.1740400983945004088, 0.001998930464436774954, 0.4000000000000000222 ) ) ;
#715 = CARTESIAN_POINT ( 'NONE',  ( -0.1605812349467891920, -0.01197287784609150398, 0.4000000000000000777 ) ) ;
#716 = EDGE_LOOP ( 'NONE', ( #653, #947, #457 ) ) ;
#717 = CARTESIAN_POINT ( 'NONE',  ( 0.07692116191944230186, -0.01695577643809466351, 1.266102709668725179 ) ) ;
#718 = CARTESIAN_POINT ( 'NONE',  ( 0.1000000000000000194, -0.01499999999999988842, 1.149999999999999911 ) ) ;
#719 = VERTEX_POINT ( 'NONE', #333 ) ;
#720 = CARTESIAN_POINT ( 'NONE',  ( 0.03294023975056063758, 0.1357121294946984080, 0.2655488676623735667 ) ) ;
#721 =( BOUNDED_SURFACE ( )  B_SPLINE_SURFACE ( 3, 1, ( 
 ( #496, #1623 ),
 ( #366, #1369 ),
 ( #415, #811 ),
 ( #1430, #797 ),
 ( #1315, #1290 ),
 ( #1552, #59 ),
 ( #566, #471 ) ),
 .UNSPECIFIED., .T., .F., .F. ) 
 B_SPLINE_SURFACE_WITH_KNOTS ( ( 4, 3, 4 ),
 ( 2, 2 ),
 ( 0.000000000000000000, 0.5000000000000000000, 1.000000000000000000 ),
 ( 0.000000000000000000, 1.000000000000000000 ),
 .UNSPECIFIED. ) 
 GEOMETRIC_REPRESENTATION_ITEM ( )  RATIONAL_B_SPLINE_SURFACE ( (
 ( 1.000000000000000000, 1.000000000000000000),
 ( 0.3333333333333333703, 0.3333333333333333703),
 ( 0.3333333333333333703, 0.3333333333333333703),
 ( 1.000000000000000000, 1.000000000000000000),
 ( 0.3333333333333333703, 0.3333333333333333703),
 ( 0.3333333333333333703, 0.3333333333333333703),
 ( 1.000000000000000000, 1.000000000000000000) ) ) 
 REPRESENTATION_ITEM ( '' )  SURFACE ( )  );
#722 = CARTESIAN_POINT ( 'NONE',  ( -0.02358896980293810966, -0.02808930642090402482, 1.949999999999999956 ) ) ;
#723 = CARTESIAN_POINT ( 'NONE',  ( 0.06300118846562831332, 0.1121955338712704170, 0.4000000000000000777 ) ) ;
#724 = CARTESIAN_POINT ( 'NONE',  ( -0.1150818526445664680, 0.06762290353864396086, 0.000000000000000000 ) ) ;
#725 = CARTESIAN_POINT ( 'NONE',  ( 0.01919216024876610124, -0.02111918711421919073, 1.950000000000000178 ) ) ;
#726 = CARTESIAN_POINT ( 'NONE',  ( -0.04868927143239452915, -0.02437477095082590806, 1.532424413642784700 ) ) ;
#727 = CARTESIAN_POINT ( 'NONE',  ( 0.08840830449826984905, -0.02591695501730093693, 0.3999999999999999667 ) ) ;
#728 = CARTESIAN_POINT ( 'NONE',  ( 0.01694747263727396092, 0.0006461163323589167199, 0.3999999999999999667 ) ) ;
#729 = ORIENTED_EDGE ( 'NONE', *, *, #1032, .T. ) ;
#730 = ADVANCED_FACE ( 'NONE', ( #1355 ), #1189, .T. ) ;
#731 = CARTESIAN_POINT ( 'NONE',  ( -0.04175750035492260120, 0.1336960527267985199, 0.2557325403537314412 ) ) ;
#732 = CARTESIAN_POINT ( 'NONE',  ( -0.1241577929529244506, 0.05816973171145041477, 0.000000000000000000 ) ) ;
#733 =( BOUNDED_CURVE ( )  B_SPLINE_CURVE ( 3, ( #341, #586, #725, #576 ),
 .UNSPECIFIED., .F., .F. ) 
 B_SPLINE_CURVE_WITH_KNOTS ( ( 4, 4 ),
 ( 3.806197297805903990, 4.131404260339023082 ),
 .UNSPECIFIED. ) 
 CURVE ( )  GEOMETRIC_REPRESENTATION_ITEM ( )  RATIONAL_B_SPLINE_CURVE ( ( 1.000000000000000000, 0.9912061040732429440, 0.9912061040732429440, 1.000000000000000000 ) ) 
 REPRESENTATION_ITEM ( '' )  );
#734 = CARTESIAN_POINT ( 'NONE',  ( 0.1500000000000000500, -0.06000000000000012962, 0.7500000000000000000 ) ) ;
#735 = CARTESIAN_POINT ( 'NONE',  ( 0.1697169993306220093, -0.009516544508625456034, 0.000000000000000000 ) ) ;
#736 = CARTESIAN_POINT ( 'NONE',  ( 0.1894667159981733018, 0.01936831309766912784, 0.000000000000000000 ) ) ;
#737 = CARTESIAN_POINT ( 'NONE',  ( 0.1038983302700433320, -0.02426103174660231010, 0.000000000000000000 ) ) ;
#738 = ORIENTED_EDGE ( 'NONE', *, *, #689, .F. ) ;
#739 = CARTESIAN_POINT ( 'NONE',  ( 0.03426798071296277559, 0.01064611633235880428, 0.3999999999999999667 ) ) ;
#740 = CARTESIAN_POINT ( 'NONE',  ( 0.02141016151377374277, 0.1070834875401138336, 0.3999999999999999667 ) ) ;
#741 = ORIENTED_EDGE ( 'NONE', *, *, #1059, .T. ) ;
#742 = CARTESIAN_POINT ( 'NONE',  ( 0.07499999999999927558, 0.1999038105676662347, 0.000000000000000000 ) ) ;
#743 = EDGE_CURVE ( 'NONE', #848, #1168, #1571, .T. ) ;
#744 = CARTESIAN_POINT ( 'NONE',  ( -0.06500000000000002998, -9.142176386979212020E-17, 1.149999999999999911 ) ) ;
#745 = CARTESIAN_POINT ( 'NONE',  ( 0.08164773714794290593, 0.1320719842123892485, 0.000000000000000000 ) ) ;
#746 = LINE ( 'NONE', #621, #50 ) ;
#747 = CARTESIAN_POINT ( 'NONE',  ( 0.06996178948617529092, -0.02752481310074752011, 0.4000000000000001332 ) ) ;
#748 = ORIENTED_EDGE ( 'NONE', *, *, #109, .F. ) ;
#749 = EDGE_LOOP ( 'NONE', ( #974, #1241, #344, #374 ) ) ;
#750 = CARTESIAN_POINT ( 'NONE',  ( -0.02974206741563484649, -0.02782078328512055040, 1.955346820143140762 ) ) ;
#751 = CARTESIAN_POINT ( 'NONE',  ( 0.03921387313771133865, 0.1329692766156100880, 0.2766780129979711234 ) ) ;
#752 = CARTESIAN_POINT ( 'NONE',  ( 0.03705112858070445242, 0.1328780114229757836, 0.2870256437831694707 ) ) ;
#753 = CARTESIAN_POINT ( 'NONE',  ( 0.07963366924590351004, 0.09839075280436962445, 0.4000000000000001332 ) ) ;
#754 = PRESENTATION_STYLE_ASSIGNMENT (( #1394 ) ) ;
#755 = ORIENTED_EDGE ( 'NONE', *, *, #559, .T. ) ;
#756 = CARTESIAN_POINT ( 'NONE',  ( 0.03565682397045252111, -0.02958962863371028540, 0.000000000000000000 ) ) ;
#757 = CARTESIAN_POINT ( 'NONE',  ( 0.03492533661567104319, -0.02941812566923414016, 0.000000000000000000 ) ) ;
#758 = CARTESIAN_POINT ( 'NONE',  ( -0.1250000000000000000, -0.007499999999999999722, 0.9499999999999999556 ) ) ;
#759 =( BOUNDED_CURVE ( )  B_SPLINE_CURVE ( 3, ( #1517, #1261, #942, #807 ),
 .UNSPECIFIED., .F., .T. ) 
 B_SPLINE_CURVE_WITH_KNOTS ( ( 4, 4 ),
 ( 3.481429563043914044, 5.943348397725464416 ),
 .UNSPECIFIED. ) 
 CURVE ( )  GEOMETRIC_REPRESENTATION_ITEM ( )  RATIONAL_B_SPLINE_CURVE ( ( 1.000000000000000000, 0.5555555555555551361, 0.5555555555555551361, 1.000000000000000000 ) ) 
 REPRESENTATION_ITEM ( '' )  );
#760 = VERTEX_POINT ( 'NONE', #214 ) ;
#761 = FACE_OUTER_BOUND ( 'NONE', #483, .T. ) ;
#762 = ORIENTED_EDGE ( 'NONE', *, *, #1009, .T. ) ;
#763 = CARTESIAN_POINT ( 'NONE',  ( 0.04868927143239456384, -0.02437477095082591153, 1.532424413642784700 ) ) ;
#764 = CARTESIAN_POINT ( 'NONE',  ( 0.09233113994621687526, 0.1217600275313197034, 0.000000000000000000 ) ) ;
#765 = CARTESIAN_POINT ( 'NONE',  ( -4.423544863740858091E-17, -0.02999999999999999889, 1.949999999999999956 ) ) ;
#766 = EDGE_CURVE ( 'NONE', #1335, #160, #1002, .T. ) ;
#767 = CARTESIAN_POINT ( 'NONE',  ( -0.1744103298894913445, 0.001270546717545370128, 0.4000000000000000777 ) ) ;
#768 = CARTESIAN_POINT ( 'NONE',  ( 0.1382510432614589002, 0.01887212981968849207, 0.7500000000000000000 ) ) ;
#769 = CARTESIAN_POINT ( 'NONE',  ( 0.1530085895831355125, 0.04950857675278098197, 0.000000000000000000 ) ) ;
#770 = CARTESIAN_POINT ( 'NONE',  ( 0.1749999999999999889, 1.025745024705676353E-16, 0.4000000000000000222 ) ) ;
#771 = FACE_OUTER_BOUND ( 'NONE', #688, .T. ) ;
#772 = VERTEX_POINT ( 'NONE', #1586 ) ;
#773 = CARTESIAN_POINT ( 'NONE',  ( -0.01640401521499408599, -0.02999999999999999889, 1.952674424088036931 ) ) ;
#774 = CARTESIAN_POINT ( 'NONE',  ( 0.04078466598074476784, 0.1333494892249380837, 0.2647211438539103234 ) ) ;
#775 = CARTESIAN_POINT ( 'NONE',  ( -0.1750000000000009048, -0.06000000000000026146, 0.4000000000000000222 ) ) ;
#776 = CARTESIAN_POINT ( 'NONE',  ( -0.1274181605125934702, 0.02562329749190513789, 0.4000000000000000777 ) ) ;
#777 = CARTESIAN_POINT ( 'NONE',  ( 0.1529826963796156736, -0.01521613275257445094, 0.000000000000000000 ) ) ;
#778 = CARTESIAN_POINT ( 'NONE',  ( 0.1500000000000000500, -0.06000000000000012962, 0.7500000000000000000 ) ) ;
#779 = CARTESIAN_POINT ( 'NONE',  ( 0.1895745671445302205, 0.01912351996247977498, 0.000000000000000000 ) ) ;
#780 = CARTESIAN_POINT ( 'NONE',  ( -0.06500000000000082101, 0.03000000000000009256, 1.149999999999999911 ) ) ;
#781 = CARTESIAN_POINT ( 'NONE',  ( 0.03482648122856232126, 0.1335877546445726205, 0.2865215564311460184 ) ) ;
#782 = VERTEX_POINT ( 'NONE', #718 ) ;
#783 = CARTESIAN_POINT ( 'NONE',  ( -0.08857467491478349109, 0.08721078988343218541, 0.4000000000000000222 ) ) ;
#784 = CARTESIAN_POINT ( 'NONE',  ( -0.03636122918320209424, -0.02247160607533803603, 1.799867486610195133 ) ) ;
#785 = CARTESIAN_POINT ( 'NONE',  ( 0.03636591458878747629, 0.1329876117314920114, 0.2883687393171906477 ) ) ;
#786 = CARTESIAN_POINT ( 'NONE',  ( -0.1201666125011435216, 0.02841646230653446098, 0.4000000000000000222 ) ) ;
#787 = CARTESIAN_POINT ( 'NONE',  ( -0.04603429907168916924, 0.1360325848143664196, 0.2046514619997915063 ) ) ;
#788 = AXIS2_PLACEMENT_3D ( 'NONE', #1326, #944, #814 ) ;
#789 = ORIENTED_EDGE ( 'NONE', *, *, #743, .T. ) ;
#790 = CARTESIAN_POINT ( 'NONE',  ( 0.1736809176316728431, 0.03989585095871321652, 0.000000000000000000 ) ) ;
#791 = CARTESIAN_POINT ( 'NONE',  ( -0.1000000000000000194, -0.01500000000000000118, 1.150000000000000133 ) ) ;
#792 = CARTESIAN_POINT ( 'NONE',  ( -0.02776030732041303087, -0.02279924551757937096, 1.949999999999999956 ) ) ;
#793 = CARTESIAN_POINT ( 'NONE',  ( -0.01646224953593826423, -0.02081968611316852361, 1.949999999999999956 ) ) ;
#794 = CARTESIAN_POINT ( 'NONE',  ( -0.1895745671445300817, 0.01912351996247984437, 0.000000000000000000 ) ) ;
#795 = CARTESIAN_POINT ( 'NONE',  ( 0.1735942466765090786, -0.003799364254068195255, 0.4000000000000000777 ) ) ;
#796 = CARTESIAN_POINT ( 'NONE',  ( 0.1888473131124313864, 0.02077420926865422915, 0.000000000000000000 ) ) ;
#797 = CARTESIAN_POINT ( 'NONE',  ( 0.03426798071296277559, 0.01064611633235880428, 0.3999999999999999667 ) ) ;
#798 =( BOUNDED_SURFACE ( )  B_SPLINE_SURFACE ( 3, 1, ( 
 ( #1249, #1267 ),
 ( #1405, #1377 ),
 ( #778, #1533 ),
 ( #646, #144 ) ),
 .UNSPECIFIED., .F., .F., .F. ) 
 B_SPLINE_SURFACE_WITH_KNOTS ( ( 4, 4 ),
 ( 2, 2 ),
 ( 0.000000000000000000, 1.000000000000000000 ),
 ( 0.000000000000000000, 1.000000000000000000 ),
 .UNSPECIFIED. ) 
 GEOMETRIC_REPRESENTATION_ITEM ( )  RATIONAL_B_SPLINE_SURFACE ( (
 ( 1.000000000000000000, 1.000000000000000000),
 ( 0.3333333333333317050, 0.3333333333333339810),
 ( 0.3333333333333317050, 0.3333333333333339810),
 ( 1.000000000000000000, 1.000000000000000000) ) ) 
 REPRESENTATION_ITEM ( '' )  SURFACE ( )  );
#799 = EDGE_CURVE ( 'NONE', #1417, #8, #68, .T. ) ;
#800 = CARTESIAN_POINT ( 'NONE',  ( -0.03528479609096039915, 0.1333455374184648878, 0.2879395659593870227 ) ) ;
#801 = CARTESIAN_POINT ( 'NONE',  ( -0.02205585450280391629, 0.1582565224081456945, 0.000000000000000000 ) ) ;
#802 = CARTESIAN_POINT ( 'NONE',  ( 0.02356116286746643210, -0.02809409889404266419, 1.950018359027529957 ) ) ;
#803 = CARTESIAN_POINT ( 'NONE',  ( -0.1632738960341086620, 0.01378770654611300578, 0.4000000000000000222 ) ) ;
#804 = CARTESIAN_POINT ( 'NONE',  ( 0.1732679473636691558, -0.004217027374503304164, 0.4000000000000000222 ) ) ;
#805 = CARTESIAN_POINT ( 'NONE',  ( -0.07499999999999927558, 0.1999038105676662347, 0.000000000000000000 ) ) ;
#806 = CARTESIAN_POINT ( 'NONE',  ( 0.03636591458878747629, 0.1329876117314920114, 0.2883687393171906477 ) ) ;
#807 = CARTESIAN_POINT ( 'NONE',  ( -0.09428090415820633563, 0.02500000000000000486, 0.7500000000000000000 ) ) ;
#808 = CARTESIAN_POINT ( 'NONE',  ( -0.03439097363595907536, 0.1338830563706273069, 0.2842924037307211771 ) ) ;
#809 = CARTESIAN_POINT ( 'NONE',  ( 0.02299949129829098257, -0.02820942206271053604, 1.950038931375804419 ) ) ;
#810 = CARTESIAN_POINT ( 'NONE',  ( 0.1159621923732131743, 0.06586971972323493740, 0.000000000000000000 ) ) ;
#811 = CARTESIAN_POINT ( 'NONE',  ( 0.05158848878865159027, 0.02064611633235868826, 0.3999999999999999667 ) ) ;
#812 = CARTESIAN_POINT ( 'NONE',  ( 0.1338534006391451925, 0.05438758694910426211, 0.000000000000000000 ) ) ;
#813 = CARTESIAN_POINT ( 'NONE',  ( -0.03508209270772363886, 0.1334451985565980048, 0.2874139568704193737 ) ) ;
#814 = DIRECTION ( 'NONE',  ( 1.000000000000000000, 0.000000000000000000, -0.000000000000000000 ) ) ;
#815 = ADVANCED_FACE ( 'NONE', ( #829 ), #1120, .T. ) ;
#816 = CARTESIAN_POINT ( 'NONE',  ( 0.1000000000000000194, -0.01499999999999988842, 1.149999999999999911 ) ) ;
#817 = CARTESIAN_POINT ( 'NONE',  ( 0.06977269390566116780, 0.2029217971483688598, 0.000000000000000000 ) ) ;
#818 = VERTEX_POINT ( 'NONE', #806 ) ;
#819 = CARTESIAN_POINT ( 'NONE',  ( 0.01892430251067733424, -0.02888087082089874427, 1.950057220317131357 ) ) ;
#820 = CARTESIAN_POINT ( 'NONE',  ( -0.02999433166675723877, -0.02498061803214941812, 1.950000000000000178 ) ) ;
#821 = CARTESIAN_POINT ( 'NONE',  ( -0.1735351002635290019, -0.003875071662683068473, 0.4000000000000000777 ) ) ;
#822 = CARTESIAN_POINT ( 'NONE',  ( 0.01156244562751691102, -0.02971753231343032819, 1.949999999999999956 ) ) ;
#823 = PRODUCT ( 'Bunny_Bomb', 'Bunny_Bomb', '', ( #84 ) ) ;
#824 = CARTESIAN_POINT ( 'NONE',  ( -0.01656951657103060416, 0.1289640014736534168, 0.4000000000000000777 ) ) ;
#825 = CARTESIAN_POINT ( 'NONE',  ( 0.01632597141743021701, -0.01999999999999999348, 1.949999999999999956 ) ) ;
#826 = CARTESIAN_POINT ( 'NONE',  ( -0.1685413617148642518, -0.008081811890039147794, 0.4000000000000000777 ) ) ;
#827 = MECHANICAL_DESIGN_GEOMETRIC_PRESENTATION_REPRESENTATION (  '', ( #414 ), #49 ) ;
#828 = CARTESIAN_POINT ( 'NONE',  ( 0.01637901612015367145, -0.02999999999999999889, 1.958023272264110881 ) ) ;
#829 = FACE_OUTER_BOUND ( 'NONE', #658, .T. ) ;
#830 = CARTESIAN_POINT ( 'NONE',  ( 0.03257224381617247755, 0.1431584404019274059, 0.1690024573925122120 ) ) ;
#831 = ADVANCED_FACE ( 'NONE', ( #1187 ), #1449, .F. ) ;
#832 =( BOUNDED_CURVE ( )  B_SPLINE_CURVE ( 3, ( #199, #697, #1322, #76 ),
 .UNSPECIFIED., .F., .F. ) 
 B_SPLINE_CURVE_WITH_KNOTS ( ( 4, 4 ),
 ( 3.141592653589786011, 6.283185307179586232 ),
 .UNSPECIFIED. ) 
 CURVE ( )  GEOMETRIC_REPRESENTATION_ITEM ( )  RATIONAL_B_SPLINE_CURVE ( ( 1.000000000000000000, 0.3333333333333309834, 0.3333333333333309834, 1.000000000000000000 ) ) 
 REPRESENTATION_ITEM ( '' )  );
#833 = VECTOR ( 'NONE', #503, 1.000000000000000000 ) ;
#834 = CARTESIAN_POINT ( 'NONE',  ( 0.06192789862420387814, -0.02118960029280038751, 1.266420438712807295 ) ) ;
#835 = B_SPLINE_SURFACE_WITH_KNOTS ( 'NONE', 3, 1, ( 
 ( #1242, #615 ),
 ( #900, #1137 ),
 ( #1389, #1128 ),
 ( #9, #1115 ) ),
 .UNSPECIFIED., .F., .F., .F.,
 ( 4, 4 ),
 ( 2, 2 ),
 ( 0.000000000000000000, 1.000000000000000000 ),
 ( 0.000000000000000000, 1.000000000000000000 ),
 .UNSPECIFIED. ) ;
#836 = CARTESIAN_POINT ( 'NONE',  ( -4.423544863740858091E-17, -0.02999999999999999889, 1.949999999999999956 ) ) ;
#837 = CARTESIAN_POINT ( 'NONE',  ( 0.1895745671445302205, 0.01912351996247976804, 0.000000000000000000 ) ) ;
#838 = CARTESIAN_POINT ( 'NONE',  ( -0.1261727982035146522, -0.02104177283201514800, 0.000000000000000000 ) ) ;
#839 = VERTEX_POINT ( 'NONE', #1494 ) ;
#840 = CARTESIAN_POINT ( 'NONE',  ( -0.02141016151377374277, 0.1070834875401138336, 0.3999999999999999667 ) ) ;
#841 = CARTESIAN_POINT ( 'NONE',  ( 0.1000000000000000056, 0.05000000000000001665, 0.4000000000000000222 ) ) ;
#842 = CARTESIAN_POINT ( 'NONE',  ( 0.001169486716410893462, -0.02000285091542863131, 1.949999999999999956 ) ) ;
#843 = ADVANCED_FACE ( 'NONE', ( #879 ), #798, .T. ) ;
#844 = CARTESIAN_POINT ( 'NONE',  ( -0.1150818526445664680, 0.06762290353864396086, 0.000000000000000000 ) ) ;
#845 = CARTESIAN_POINT ( 'NONE',  ( 0.02999906585987940216, -0.02502087337338749357, 1.950000000000000178 ) ) ;
#846 = CARTESIAN_POINT ( 'NONE',  ( 0.1886445338585119591, 0.02123391983047820050, 0.000000000000000000 ) ) ;
#847 = CARTESIAN_POINT ( 'NONE',  ( -0.1698814220056637514, -0.007242302381463184766, 0.4000000000000000222 ) ) ;
#848 = VERTEX_POINT ( 'NONE', #1155 ) ;
#849 = CARTESIAN_POINT ( 'NONE',  ( 0.05158848878865159027, 0.02064611633235868826, 0.3999999999999999667 ) ) ;
#850 = ORIENTED_EDGE ( 'NONE', *, *, #937, .F. ) ;
#851 = CARTESIAN_POINT ( 'NONE',  ( 0.03332738009462397899, 0.1350346160678655150, 0.2730727431913942960 ) ) ;
#852 = DIRECTION ( 'NONE',  ( -0.07124704998790963584, -7.957015129617908081E-17, 0.9974586998307349850 ) ) ;
#853 = CARTESIAN_POINT ( 'NONE',  ( 0.08381629963575742970, 0.09370699750812286344, 0.4000000000000001332 ) ) ;
#854 = EDGE_CURVE ( 'NONE', #1540, #839, #1183, .T. ) ;
#855 = DIRECTION ( 'NONE',  ( -0.03637076797399743655, -0.04772265965116392894, 0.9981982343166115879 ) ) ;
#856 = CARTESIAN_POINT ( 'NONE',  ( 0.1610678828326344569, 0.03162216403280587729, 0.4000000000000000222 ) ) ;
#857 = CARTESIAN_POINT ( 'NONE',  ( 0.02762224096006006546, -0.02964106775749783887, 0.4000000000000000222 ) ) ;
#858 = ORIENTED_EDGE ( 'NONE', *, *, #868, .F. ) ;
#859 = APPLICATION_PROTOCOL_DEFINITION ( 'draft international standard', 'automotive_design', 1998, #642 ) ;
#860 = CARTESIAN_POINT ( 'NONE',  ( 0.03219491366722142950, 0.1404970372366929898, 0.2052201060044743786 ) ) ;
#861 = CARTESIAN_POINT ( 'NONE',  ( 0.1624999999999999778, 1.814832977340580287E-16, 0.5749999999999999556 ) ) ;
#862 = PRODUCT_DEFINITION ( 'UNKNOWN', '', #897, #346 ) ;
#863 = CARTESIAN_POINT ( 'NONE',  ( -0.1001985748955256383, 0.04942631999219204708, 0.4000000000000000222 ) ) ;
#864 = CARTESIAN_POINT ( 'NONE',  ( -0.02999433166675723877, -0.02498061803214941812, 1.950000000000000178 ) ) ;
#865 = CARTESIAN_POINT ( 'NONE',  ( 0.004365322510316664399, -0.03000130084309793332, 0.000000000000000000 ) ) ;
#866 = ORIENTED_EDGE ( 'NONE', *, *, #376, .T. ) ;
#867 = CARTESIAN_POINT ( 'NONE',  ( -0.1901252264901742706, 0.01243231601025325539, 0.000000000000000000 ) ) ;
#868 = EDGE_CURVE ( 'NONE', #147, #1390, #268, .T. ) ;
#869 = CARTESIAN_POINT ( 'NONE',  ( 0.01932185777326276069, 0.1034664393599112053, 0.000000000000000000 ) ) ;
#870 = VERTEX_POINT ( 'NONE', #908 ) ;
#871 = CARTESIAN_POINT ( 'NONE',  ( 0.1068889649993271240, 0.03775677458326827385, 0.4000000000000000222 ) ) ;
#872 = B_SPLINE_CURVE_WITH_KNOTS ( 'NONE', 3,
 ( #1133, #1483, #122, #1619, #600, #1003, #622, #112, #1122, #735, #340, #488, #226, #1375, #611, #885, #756, #372, #1257, #1508, #92, #4, #990, #132, #1490, #1237, #349, #511, #633, #1599, #1591, #381, #896, #971, #1385 ),
 .UNSPECIFIED., .F., .F.,
 ( 4, 1, 1, 1, 1, 1, 1, 1, 1, 1, 1, 1, 1, 1, 1, 1, 1, 1, 1, 1, 1, 1, 1, 1, 1, 1, 1, 1, 1, 1, 1, 1, 4 ),
 ( 3.105951832067567864, 3.131052412510022975, 3.156152992952478087, 3.206354153837388310, 3.256555314722298533, 3.306756475607207868, 3.356957636492117203, 3.407158797377027426, 3.507561119146847872, 3.607963440916668318, 3.708365762686488765, 3.808768084456309211, 3.909170406226128769, 4.109975049765768773, 4.310779693305409666, 4.511584336845049670, 4.712388980384689674, 4.913193623924329678, 5.113998267463969682, 5.314802911003610575, 5.515607554543250579, 5.616009876313070137, 5.716412198082890583, 5.816814519852711030, 5.917216841622531476, 6.017619163392351922, 6.067820324277261257, 6.118021485162171480, 6.168222646047081703, 6.218423806931991926, 6.268624967816902149, 6.293725548259357261, 6.318826128701811484 ),
 .UNSPECIFIED. ) ;
#873 = CARTESIAN_POINT ( 'NONE',  ( -0.08710358166988056705, 0.08937905590434007397, 0.4000000000000000777 ) ) ;
#874 = CARTESIAN_POINT ( 'NONE',  ( -0.1682330835377759404, 0.04337516587394313339, 0.000000000000000000 ) ) ;
#875 = CARTESIAN_POINT ( 'NONE',  ( 0.1127045717645560746, 0.08689550934927672832, 0.000000000000000000 ) ) ;
#876 = CARTESIAN_POINT ( 'NONE',  ( -0.1127045717645559775, 0.08689550934927661729, 0.000000000000000000 ) ) ;
#877 = CARTESIAN_POINT ( 'NONE',  ( 0.1499999999999999944, 0.000000000000000000, 0.7500000000000000000 ) ) ;
#878 = CARTESIAN_POINT ( 'NONE',  ( -0.1028526292215542759, -0.02428094940597511076, 0.4000000000000000222 ) ) ;
#879 = FACE_OUTER_BOUND ( 'NONE', #1350, .T. ) ;
#880 = ORIENTED_EDGE ( 'NONE', *, *, #1516, .F. ) ;
#881 = B_SPLINE_SURFACE_WITH_KNOTS ( 'NONE', 3, 1, ( 
 ( #1473, #1110 ),
 ( #724, #863 ),
 ( #1354, #665 ),
 ( #1403, #532 ),
 ( #52, #550 ),
 ( #1178, #37 ),
 ( #543, #286 ),
 ( #556, #178 ),
 ( #1142, #44 ),
 ( #521, #786 ),
 ( #933, #776 ),
 ( #1153, #154 ),
 ( #172, #1050 ),
 ( #1286, #1541 ),
 ( #1520, #1045 ),
 ( #1172, #803 ),
 ( #1035, #1396 ),
 ( #1550, #18 ),
 ( #412, #421 ),
 ( #164, #1531 ),
 ( #673, #1275 ),
 ( #427, #1420 ),
 ( #1057, #1022 ),
 ( #392, #661 ),
 ( #925, #302 ),
 ( #1164, #1415 ),
 ( #141, #402 ),
 ( #1303, #906 ),
 ( #1557, #940 ),
 ( #266, #276 ),
 ( #654, #767 ),
 ( #27, #295 ),
 ( #1264, #914 ),
 ( #794, #1296 ) ),
 .UNSPECIFIED., .F., .F., .F.,
 ( 4, 1, 1, 1, 1, 1, 1, 1, 1, 1, 1, 1, 1, 1, 1, 1, 1, 1, 1, 1, 1, 1, 1, 1, 1, 1, 1, 1, 1, 1, 1, 4 ),
 ( 2, 2 ),
 ( 0.000000000000000000, 0.01562499999999991500, 0.03124999999999994102, 0.06249999999999999306, 0.09374999999999994449, 0.1249999999999999861, 0.1875000000000000000, 0.2499999999999999722, 0.3125000000000000000, 0.3750000000000000000, 0.4999999999999999445, 0.6250000000000000000, 0.6875000000000000000, 0.7500000000000000000, 0.8125000000000000000, 0.8437499999999998890, 0.8750000000000000000, 0.9062500000000000000, 0.9218749999999998890, 0.9375000000000000000, 0.9531250000000000000, 0.9609374999999998890, 0.9687499999999998890, 0.9726562499999998890, 0.9765624999999998890, 0.9785156249999997780, 0.9794921874999997780, 0.9804687499999997780, 0.9824218749999997780, 0.9843749999999997780, 0.9921874999999998890, 1.000000000000000000 ),
 ( 0.000000000000000000, 1.000000000000000000 ),
 .UNSPECIFIED. ) ;
#882 = CARTESIAN_POINT ( 'NONE',  ( -0.02987920400880703792, -0.02511424691401151904, 1.955344792110207619 ) ) ;
#883 = CARTESIAN_POINT ( 'NONE',  ( 0.02766005613187580425, -0.02277632788742672484, 1.949999999999999956 ) ) ;
#884 = CARTESIAN_POINT ( 'NONE',  ( 0.1500000000000000500, -0.06000000000000012962, 0.7500000000000000000 ) ) ;
#885 = CARTESIAN_POINT ( 'NONE',  ( 0.06994201114692093213, -0.02776471087135689436, 0.000000000000000000 ) ) ;
#886 = CARTESIAN_POINT ( 'NONE',  ( 0.05003550295857975283, -0.02877396449704135509, 0.4000000000000000777 ) ) ;
#887 = LINE ( 'NONE', #758, #351 ) ;
#888 = ORIENTED_EDGE ( 'NONE', *, *, #1135, .T. ) ;
#889 = ORIENTED_EDGE ( 'NONE', *, *, #711, .F. ) ;
#890 = CARTESIAN_POINT ( 'NONE',  ( -0.07799999999999999989, 0.1001333333333332964, 0.4000000000000000222 ) ) ;
#891 = ADVANCED_FACE ( 'NONE', ( #134 ), #499, .T. ) ;
#892 = CARTESIAN_POINT ( 'NONE',  ( -0.03925819172293281561, -0.02085833991957189784, 1.532692042557257883 ) ) ;
#893 = CARTESIAN_POINT ( 'NONE',  ( 0.02361037842576657261, -0.02191524015232023184, 1.950000000000000178 ) ) ;
#894 = CARTESIAN_POINT ( 'NONE',  ( 0.06010371482638149354, 0.1460609635426724784, 0.000000000000000000 ) ) ;
#895 = ORIENTED_EDGE ( 'NONE', *, *, #109, .T. ) ;
#896 = CARTESIAN_POINT ( 'NONE',  ( -0.1900324449398784754, 0.01625242417632223602, 0.000000000000000000 ) ) ;
#897 = PRODUCT_DEFINITION_FORMATION_WITH_SPECIFIED_SOURCE ( 'ANY', '', #823, .NOT_KNOWN. ) ;
#898 = CARTESIAN_POINT ( 'NONE',  ( 0.09418320436671255569, -0.02531034308076128905, 0.3999999999999999112 ) ) ;
#899 = CARTESIAN_POINT ( 'NONE',  ( 0.09428090415820636339, 0.02499999999999995282, 0.7500000000000000000 ) ) ;
#900 = CARTESIAN_POINT ( 'NONE',  ( -0.1070507252945721993, 0.005232873476231260888, 0.7500000000000000000 ) ) ;
#901 = CARTESIAN_POINT ( 'NONE',  ( -0.04749855496545737216, -0.03000000000000005093, 1.266666666666666829 ) ) ;
#902 = CARTESIAN_POINT ( 'NONE',  ( 0.04264809993003877697, 0.1340678578415884503, 0.2467219375523938274 ) ) ;
#903 = CARTESIAN_POINT ( 'NONE',  ( 0.03149289885366778063, 0.1563927962565523910, 0.000000000000000000 ) ) ;
#904 = CARTESIAN_POINT ( 'NONE',  ( -0.03744902687608861469, 0.1548491715226167631, 0.000000000000000000 ) ) ;
#905 = VERTEX_POINT ( 'NONE', #534 ) ;
#906 = CARTESIAN_POINT ( 'NONE',  ( -0.1741000472428350931, 0.001883420662886402903, 0.4000000000000000222 ) ) ;
#907 = CARTESIAN_POINT ( 'NONE',  ( 0.1725934402285255742, -0.005010052279004487130, 0.3999999999999999667 ) ) ;
#908 = CARTESIAN_POINT ( 'NONE',  ( 0.1895745671445302205, 0.01912351996247977498, 0.000000000000000000 ) ) ;
#909 = CARTESIAN_POINT ( 'NONE',  ( 0.02361037842576657261, -0.02191524015232023184, 1.950000000000000178 ) ) ;
#910 = CARTESIAN_POINT ( 'NONE',  ( 0.03400569892019228435, 0.1342179533549626436, 0.2813283182664371163 ) ) ;
#911 = VERTEX_POINT ( 'NONE', #1037 ) ;
#912 = CARTESIAN_POINT ( 'NONE',  ( 0.01688722072151755196, 0.1590179928141171872, 0.000000000000000000 ) ) ;
#913 = FILL_AREA_STYLE_COLOUR ( '', #1462 ) ;
#914 = CARTESIAN_POINT ( 'NONE',  ( -0.1748911553346299552, 0.0002470481565062012655, 0.4000000000000000777 ) ) ;
#915 = CARTESIAN_POINT ( 'NONE',  ( -0.05656854249492376113, 0.1050000000000000377, 0.7500000000000000000 ) ) ;
#916 = CARTESIAN_POINT ( 'NONE',  ( -0.03705007067031343415, 0.1328782352594853611, 0.2870281549127202125 ) ) ;
#917 = CARTESIAN_POINT ( 'NONE',  ( 0.05767949192431047478, 0.2099038105676661325, 0.000000000000000000 ) ) ;
#918 =( BOUNDED_CURVE ( )  B_SPLINE_CURVE ( 3, ( #278, #261, #780, #1278 ),
 .UNSPECIFIED., .F., .T. ) 
 B_SPLINE_CURVE_WITH_KNOTS ( ( 4, 4 ),
 ( 0.000000000000000000, 3.141592653589799333 ),
 .UNSPECIFIED. ) 
 CURVE ( )  GEOMETRIC_REPRESENTATION_ITEM ( )  RATIONAL_B_SPLINE_CURVE ( ( 1.000000000000000000, 0.3333333333333312609, 0.3333333333333312609, 1.000000000000000000 ) ) 
 REPRESENTATION_ITEM ( '' )  );
#919 = CARTESIAN_POINT ( 'NONE',  ( -0.1104150144647613602, 0.09196411450413508049, 0.000000000000000000 ) ) ;
#920 = CARTESIAN_POINT ( 'NONE',  ( 0.1201666125011435493, 0.02841646230653449567, 0.4000000000000000222 ) ) ;
#921 = CARTESIAN_POINT ( 'NONE',  ( -0.04103412811930657461, -0.02569619208774202163, 1.532602832919099933 ) ) ;
#922 = CARTESIAN_POINT ( 'NONE',  ( -0.01688362667096534458, 0.1590168188536008609, 0.000000000000000000 ) ) ;
#923 = CARTESIAN_POINT ( 'NONE',  ( -0.02996778644159857688, -0.02385890317735338967, 1.949999999999999956 ) ) ;
#924 = ORIENTED_EDGE ( 'NONE', *, *, #1148, .F. ) ;
#925 = CARTESIAN_POINT ( 'NONE',  ( -0.1883109787412591829, 0.02196875028675079888, 0.000000000000000000 ) ) ;
#926 = CARTESIAN_POINT ( 'NONE',  ( 0.1616363079771671873, 0.04644989874119283269, 0.000000000000000000 ) ) ;
#927 = APPLICATION_CONTEXT ( 'automotive_design' ) ;
#928 = EDGE_CURVE ( 'NONE', #905, #911, #887, .T. ) ;
#929 = ORIENTED_EDGE ( 'NONE', *, *, #1596, .T. ) ;
#930 = CARTESIAN_POINT ( 'NONE',  ( 0.1682330835377762179, 0.04337516587394310563, 0.000000000000000000 ) ) ;
#931 = CARTESIAN_POINT ( 'NONE',  ( 0.02063905325443788144, 0.1283463510848126266, 0.3999999999999999667 ) ) ;
#932 = CARTESIAN_POINT ( 'NONE',  ( 0.02365458794937787268, -0.02807424542090915590, 1.950011961686441753 ) ) ;
#933 = CARTESIAN_POINT ( 'NONE',  ( -0.1338534006391450260, 0.05438758694910427599, 0.000000000000000000 ) ) ;
#934 = CARTESIAN_POINT ( 'NONE',  ( 0.1894667159981733018, 0.01936831309766912784, 0.000000000000000000 ) ) ;
#935 = B_SPLINE_CURVE_WITH_KNOTS ( 'NONE', 3,
 ( #470, #360, #712, #1090, #1101 ),
 .UNSPECIFIED., .F., .F.,
 ( 4, 1, 4 ),
 ( -1.910944774656589296, -1.570796326794896114, -1.230648220858232555 ),
 .UNSPECIFIED. ) ;
#936 = B_SPLINE_SURFACE_WITH_KNOTS ( 'NONE', 3, 3, ( 
 ( #579, #459, #1362, #246, #1078 ),
 ( #1577, #1213, #1588, #1455, #338 ),
 ( #325, #834, #1082, #23, #129 ),
 ( #560, #1561, #763, #1118, #1130 ) ),
 .UNSPECIFIED., .F., .F., .F.,
 ( 4, 4 ),
 ( 4, 1, 4 ),
 ( 0.000000000000000000, 1.000000000000000000 ),
 ( 0.000000000000000000, 0.4384501816421731424, 1.000000000000000000 ),
 .UNSPECIFIED. ) ;
#937 = EDGE_CURVE ( 'NONE', #1357, #105, #393, .T. ) ;
#938 = CARTESIAN_POINT ( 'NONE',  ( -0.03342169327876782364, 0.1348956397499232462, 0.2745589869279813633 ) ) ;
#939 = CARTESIAN_POINT ( 'NONE',  ( -0.02551073827948758047, -0.01535696576595778351, 1.532454536461633765 ) ) ;
#940 = CARTESIAN_POINT ( 'NONE',  ( -0.1741597443986583060, 0.001767546128513387046, 0.4000000000000000222 ) ) ;
#941 = CARTESIAN_POINT ( 'NONE',  ( 0.1665572353731564759, -0.01091712140934807812, 0.000000000000000000 ) ) ;
#942 = CARTESIAN_POINT ( 'NONE',  ( -0.05656854249492374725, 0.1050000000000000655, 0.7500000000000000000 ) ) ;
#943 = ADVANCED_FACE ( 'NONE', ( #1434 ), #1328, .T. ) ;
#944 = DIRECTION ( 'NONE',  ( 0.000000000000000000, 0.000000000000000000, 1.000000000000000000 ) ) ;
#945 = CARTESIAN_POINT ( 'NONE',  ( -0.05555335578390696583, 0.1462657537380516182, 0.02408192358365335295 ) ) ;
#946 = CARTESIAN_POINT ( 'NONE',  ( -0.1329618717305884323, -0.01953148603157918786, 0.3999999999999999667 ) ) ;
#947 = ORIENTED_EDGE ( 'NONE', *, *, #1266, .T. ) ;
#948 = CARTESIAN_POINT ( 'NONE',  ( 0.06173292253425717580, -0.002269626617506675416, 1.266552481877213587 ) ) ;
#949 = CARTESIAN_POINT ( 'NONE',  ( -0.1577048522214698212, -0.01300488713091185744, 0.4000000000000000222 ) ) ;
#950 = CARTESIAN_POINT ( 'NONE',  ( -0.004166666666666669211, 0.1300000000000000322, 0.4000000000000000777 ) ) ;
#951 = CARTESIAN_POINT ( 'NONE',  ( 0.01664653309616106677, -0.02915925875389152946, 1.950013157432486821 ) ) ;
#952 = CARTESIAN_POINT ( 'NONE',  ( -0.05234075148322051008, 0.1419007822367323868, 0.09632544873107479200 ) ) ;
#953 = CARTESIAN_POINT ( 'NONE',  ( -0.09999999999999997780, 0.04999999999999994726, 0.4000000000000000222 ) ) ;
#954 = CARTESIAN_POINT ( 'NONE',  ( -0.1130819064593011763, -0.02289995373492025033, 0.4000000000000000222 ) ) ;
#955 = CARTESIAN_POINT ( 'NONE',  ( 0.1044282052971195474, 0.04099468128586279680, 0.4000000000000000222 ) ) ;
#956 = ORIENTED_EDGE ( 'NONE', *, *, #680, .F. ) ;
#957 =( BOUNDED_CURVE ( )  B_SPLINE_CURVE ( 3, ( #209, #1320, #74, #1131 ),
 .UNSPECIFIED., .F., .F. ) 
 B_SPLINE_CURVE_WITH_KNOTS ( ( 4, 4 ),
 ( 4.735748938392280394, 6.283185307179586232 ),
 .UNSPECIFIED. ) 
 CURVE ( )  GEOMETRIC_REPRESENTATION_ITEM ( )  RATIONAL_B_SPLINE_CURVE ( ( 1.000000000000000000, 0.8102115692537374958, 0.8102115692537374958, 1.000000000000000000 ) ) 
 REPRESENTATION_ITEM ( '' )  );
#958 = CARTESIAN_POINT ( 'NONE',  ( -0.06009938380138566544, -0.009540372551641513807, 1.266579303234848686 ) ) ;
#959 = CARTESIAN_POINT ( 'NONE',  ( 0.03332794051917101208, -0.02354931237269303895, 1.799931648067632395 ) ) ;
#960 = CARTESIAN_POINT ( 'NONE',  ( -0.1700873586531229109, -0.009399412900413968430, 0.000000000000000000 ) ) ;
#961 = VERTEX_POINT ( 'NONE', #1330 ) ;
#962 = EDGE_CURVE ( 'NONE', #1460, #375, #957, .T. ) ;
#963 = CARTESIAN_POINT ( 'NONE',  ( -0.001427633302570281530, -0.02000558230259392306, 1.949999999999999734 ) ) ;
#964 = CARTESIAN_POINT ( 'NONE',  ( -0.1856321654139139465, 0.001817422457792443238, 0.000000000000000000 ) ) ;
#965 = CARTESIAN_POINT ( 'NONE',  ( -0.1887768875255207979, 0.02093398320362046747, 0.000000000000000000 ) ) ;
#966 = CARTESIAN_POINT ( 'NONE',  ( 0.1070507252945721993, 0.005232873476231260888, 0.7500000000000000000 ) ) ;
#967 = CARTESIAN_POINT ( 'NONE',  ( -0.05767949192431047478, 0.2099038105676661325, 0.000000000000000000 ) ) ;
#968 = CARTESIAN_POINT ( 'NONE',  ( 0.1001985748955256661, 0.04942631999219206790, 0.4000000000000000222 ) ) ;
#969 = CARTESIAN_POINT ( 'NONE',  ( -0.1859418539174032547, 0.02646047629747797988, 0.000000000000000000 ) ) ;
#970 = CARTESIAN_POINT ( 'NONE',  ( 0.04275865566481011626, 0.1223442135039679857, 0.4000000000000000222 ) ) ;
#971 = CARTESIAN_POINT ( 'NONE',  ( -0.1897722717535077763, 0.01817298444494343940, 0.000000000000000000 ) ) ;
#972 = CARTESIAN_POINT ( 'NONE',  ( 0.07692116191944230186, -0.01695577643809466351, 1.266102709668725179 ) ) ;
#973 = CARTESIAN_POINT ( 'NONE',  ( -0.004367465226198273716, -0.03000241502729947968, 0.000000000000000000 ) ) ;
#974 = ORIENTED_EDGE ( 'NONE', *, *, #230, .T. ) ;
#975 = CARTESIAN_POINT ( 'NONE',  ( 0.1382510432614589002, 0.01887212981968849207, 0.7500000000000000000 ) ) ;
#976 = CARTESIAN_POINT ( 'NONE',  ( -0.1167345408198194462, 0.06461138359854534663, 0.000000000000000000 ) ) ;
#977 = EDGE_CURVE ( 'NONE', #760, #1414, #1124, .T. ) ;
#978 = CARTESIAN_POINT ( 'NONE',  ( 0.03717195598727712075, 0.1328675922864717973, 0.2866651409791770577 ) ) ;
#979 = CARTESIAN_POINT ( 'NONE',  ( 0.1136889697967936042, 0.08069848402070765869, 0.000000000000000000 ) ) ;
#980 = B_SPLINE_CURVE_WITH_KNOTS ( 'NONE', 3,
 ( #1233, #1583, #99, #1337, #91, #965, #1597, #599, #452, #1488, #1604, #1471, #592, #969, #332, #210, #704, #79, #1088, #874, #358, #1345, #1099, #468, #110, #732, #609, #477, #224, #976, #1353, #484, #844, #218 ),
 .UNSPECIFIED., .F., .F.,
 ( 4, 1, 1, 1, 1, 1, 1, 1, 1, 1, 1, 1, 1, 1, 1, 1, 1, 1, 1, 1, 1, 1, 1, 1, 1, 1, 1, 1, 1, 1, 1, 4 ),
 ( 0.02941149847807933426, 0.03715268706135921306, 0.04489387564463909186, 0.04682917279045906156, 0.04876446993627903126, 0.04973211850918901611, 0.05069976708209900096, 0.05263506422791885964, 0.05650565851955868801, 0.06037625281119862741, 0.06811744139447839519, 0.07585862997775816297, 0.09134100714431780954, 0.1068233843108774561, 0.1223057614774369917, 0.1532705158105562848, 0.1842352701436755780, 0.2152000244767947601, 0.2771295331430332354, 0.3390590418092717107, 0.4009885504755101859, 0.5248475678079871365, 0.6487065851404640870, 0.7106360938067025623, 0.7725656024729410376, 0.8344951111391795129, 0.8964246198054179882, 0.9273893741385372813, 0.9583541284716564634, 0.9893188828047757566, 1.004801259971335403, 1.020283637137894939 ),
 .UNSPECIFIED. ) ;
#981 = CARTESIAN_POINT ( 'NONE',  ( 0.03636591458878747629, 0.1329876117314920114, 0.2883687393171906477 ) ) ;
#982 = CARTESIAN_POINT ( 'NONE',  ( 0.1382510432614589002, 0.01887212981968849207, 0.7500000000000000000 ) ) ;
#983 = CARTESIAN_POINT ( 'NONE',  ( 0.08781258702662282645, -0.02603306976084960103, 0.000000000000000000 ) ) ;
#984 = CARTESIAN_POINT ( 'NONE',  ( -0.05158848878865159027, 0.02064611633235868826, 0.3999999999999999667 ) ) ;
#985 = ORIENTED_EDGE ( 'NONE', *, *, #1425, .T. ) ;
#986 = PRESENTATION_LAYER_ASSIGNMENT (  '', '', ( #414 ) ) ;
#987 = CARTESIAN_POINT ( 'NONE',  ( 0.1000000000000000056, 0.05000000000000001665, 0.4000000000000000222 ) ) ;
#988 = CARTESIAN_POINT ( 'NONE',  ( 0.06006002963488304286, 0.1140360008949565657, 0.3999999999999999667 ) ) ;
#989 = CARTESIAN_POINT ( 'NONE',  ( 0.1053064691513178330, 0.1047861455356400850, 0.000000000000000000 ) ) ;
#990 = CARTESIAN_POINT ( 'NONE',  ( -0.1408727380452151068, -0.01826083580286341768, 0.000000000000000000 ) ) ;
#991 = CARTESIAN_POINT ( 'NONE',  ( 0.1744103298894913445, 0.001270546717545551190, 0.4000000000000000222 ) ) ;
#992 = CARTESIAN_POINT ( 'NONE',  ( 0.02099743597711503651, -0.02979352651141075128, 0.000000000000000000 ) ) ;
#993 = CARTESIAN_POINT ( 'NONE',  ( -0.1901476543200449898, 0.01636819868904898501, 0.000000000000000000 ) ) ;
#994 = CARTESIAN_POINT ( 'NONE',  ( -0.03293964956197026339, 0.1357131971679186588, 0.2655360194481100611 ) ) ;
#995 = VERTEX_POINT ( 'NONE', #15 ) ;
#996 = CARTESIAN_POINT ( 'NONE',  ( 0.02141016151377374277, 0.1070834875401138336, 0.3999999999999999667 ) ) ;
#997 = CARTESIAN_POINT ( 'NONE',  ( -0.02999408121857456352, -0.01500000000000000812, 1.949999999999999512 ) ) ;
#998 = CARTESIAN_POINT ( 'NONE',  ( 0.04910475284961362402, 0.1385370944822948147, 0.1565120441928030404 ) ) ;
#999 = CARTESIAN_POINT ( 'NONE',  ( 0.04326546587332918969, 0.1531019964072714290, 0.000000000000000000 ) ) ;
#1000 = CARTESIAN_POINT ( 'NONE',  ( -0.1499999999999999944, -1.729966441424471218E-17, 0.7500000000000000000 ) ) ;
#1001 = EDGE_LOOP ( 'NONE', ( #1220, #895, #229, #700 ) ) ;
#1002 =( BOUNDED_CURVE ( )  B_SPLINE_CURVE ( 3, ( #1086, #1209, #822, #1081 ),
 .UNSPECIFIED., .F., .T. ) 
 B_SPLINE_CURVE_WITH_KNOTS ( ( 4, 4 ),
 ( 4.712388980384687898, 5.294557320109907650 ),
 .UNSPECIFIED. ) 
 CURVE ( )  GEOMETRIC_REPRESENTATION_ITEM ( )  RATIONAL_B_SPLINE_CURVE ( ( 1.000000000000000000, 0.9719555277448784780, 0.9719555277448784780, 1.000000000000000000 ) ) 
 REPRESENTATION_ITEM ( '' )  );
#1003 = CARTESIAN_POINT ( 'NONE',  ( 0.1863641560960650478, 0.003003646460072421573, 0.000000000000000000 ) ) ;
#1004 = CARTESIAN_POINT ( 'NONE',  ( -0.05673357299343197852, -0.02841489155661344052, 0.000000000000000000 ) ) ;
#1005 = B_SPLINE_CURVE_WITH_KNOTS ( 'NONE', 3,
 ( #1429, #768, #142, #19 ),
 .UNSPECIFIED., .F., .F.,
 ( 4, 4 ),
 ( 0.000000000000000000, 1.000000000000000000 ),
 .UNSPECIFIED. ) ;
#1006 = CARTESIAN_POINT ( 'NONE',  ( 0.1000000000000000056, 0.05000000000000001665, 0.4000000000000000222 ) ) ;
#1007 = ORIENTED_EDGE ( 'NONE', *, *, #1098, .T. ) ;
#1008 = FACE_OUTER_BOUND ( 'NONE', #716, .T. ) ;
#1009 = EDGE_CURVE ( 'NONE', #1343, #818, #1450, .T. ) ;
#1010 = CARTESIAN_POINT ( 'NONE',  ( -0.09428090415820633563, 0.02500000000000000486, 0.7500000000000000000 ) ) ;
#1011 = CARTESIAN_POINT ( 'NONE',  ( 0.1069393999141205337, 0.1006285245701159931, 0.000000000000000000 ) ) ;
#1012 = CARTESIAN_POINT ( 'NONE',  ( -0.07797465711689910428, 0.1359548029835117022, 0.000000000000000000 ) ) ;
#1013 = CARTESIAN_POINT ( 'NONE',  ( 0.07911509882202125143, -0.02681640061965116437, 0.000000000000000000 ) ) ;
#1014 = CARTESIAN_POINT ( 'NONE',  ( -0.03228502484771356845, 0.1413933096053949789, 0.1931387537895279394 ) ) ;
#1015 = CARTESIAN_POINT ( 'NONE',  ( -0.09428090415820634951, 0.02500000000000000139, 0.7500000000000000000 ) ) ;
#1016 = CARTESIAN_POINT ( 'NONE',  ( 0.03342287193827585268, 0.1348940622324189542, 0.2745760433190839733 ) ) ;
#1017 = ORIENTED_EDGE ( 'NONE', *, *, #937, .T. ) ;
#1018 = EDGE_CURVE ( 'NONE', #1357, #598, #935, .T. ) ;
#1019 = CARTESIAN_POINT ( 'NONE',  ( -0.05519150099230991230, -0.03000000000000007175, 1.150000000000000133 ) ) ;
#1020 = CARTESIAN_POINT ( 'NONE',  ( 0.03276773279680865458, 0.1560881570407627317, 0.000000000000000000 ) ) ;
#1021 = CARTESIAN_POINT ( 'NONE',  ( -0.02999433166675723877, -0.02498061803214941812, 1.950000000000000178 ) ) ;
#1022 = CARTESIAN_POINT ( 'NONE',  ( -0.1732158469558050529, 0.003486082512628185717, 0.4000000000000000222 ) ) ;
#1023 = CARTESIAN_POINT ( 'NONE',  ( 0.1466785243625755020, -0.01639012406554590101, 0.4000000000000000777 ) ) ;
#1024 = CARTESIAN_POINT ( 'NONE',  ( -0.1070507252945721993, 0.005232873476231260888, 0.7500000000000000000 ) ) ;
#1025 = DIRECTION ( 'NONE',  ( 0.1239489534584726077, -0.03718468603754179064, 0.9915916276677808616 ) ) ;
#1026 = CARTESIAN_POINT ( 'NONE',  ( 0.1879868453634162273, 0.02265474176116186872, 0.000000000000000000 ) ) ;
#1027 = CARTESIAN_POINT ( 'NONE',  ( -0.03332794051917099820, -0.02354931237269303201, 1.799931648067632395 ) ) ;
#1028 = CARTESIAN_POINT ( 'NONE',  ( 0.03514618399107056340, 0.1334121876336338275, 0.2876001391128126805 ) ) ;
#1029 = ORIENTED_EDGE ( 'NONE', *, *, #635, .T. ) ;
#1030 = B_SPLINE_CURVE_WITH_KNOTS ( 'NONE', 3,
 ( #1568, #1590, #1214, #487, #989, #875, #1364, #248 ),
 .UNSPECIFIED., .F., .F.,
 ( 4, 1, 1, 1, 1, 4 ),
 ( -1.045367241331744301, -0.8002529095847581431, -0.6076170552822235393, -0.4149812009796893797, -0.2223453466771552200, -0.02970949237462061632 ),
 .UNSPECIFIED. ) ;
#1031 = CARTESIAN_POINT ( 'NONE',  ( -0.01641651476241426377, -0.02999999999999999889, 1.949999999999999956 ) ) ;
#1032 = EDGE_CURVE ( 'NONE', #772, #1460, #1510, .T. ) ;
#1033 = CARTESIAN_POINT ( 'NONE',  ( -0.01351719260408945980, 0.1593860666050795905, 0.000000000000000000 ) ) ;
#1034 = ORIENTED_EDGE ( 'NONE', *, *, #131, .F. ) ;
#1035 = CARTESIAN_POINT ( 'NONE',  ( -0.1778351173966951360, 0.03642794547465778854, 0.000000000000000000 ) ) ;
#1036 = CARTESIAN_POINT ( 'NONE',  ( 0.1738988598365412697, -0.003380045004823504368, 0.4000000000000000222 ) ) ;
#1037 = CARTESIAN_POINT ( 'NONE',  ( -0.1000000000000000056, -0.01499999999999999944, 1.149999999999999911 ) ) ;
#1038 = CARTESIAN_POINT ( 'NONE',  ( -0.04420021342790494273, 0.1348787912501016317, 0.2287029933206419507 ) ) ;
#1039 = CARTESIAN_POINT ( 'NONE',  ( 0.09232050807568809025, 0.1899038105676663368, 0.000000000000000000 ) ) ;
#1040 = CARTESIAN_POINT ( 'NONE',  ( 0.03557794552413075934, 0.1332216626463990639, 0.2884230584571377820 ) ) ;
#1041 = ORIENTED_EDGE ( 'NONE', *, *, #1566, .F. ) ;
#1042 = CARTESIAN_POINT ( 'NONE',  ( -0.08671218911524382345, 0.1275873288937267869, 0.000000000000000000 ) ) ;
#1043 = CARTESIAN_POINT ( 'NONE',  ( -0.04717286048873929605, 0.1517099948974667545, 0.000000000000000000 ) ) ;
#1044 = EDGE_CURVE ( 'NONE', #1168, #400, #1225, .T. ) ;
#1045 = CARTESIAN_POINT ( 'NONE',  ( -0.1592568576579221351, 0.01608258422937285451, 0.4000000000000000222 ) ) ;
#1046 = CARTESIAN_POINT ( 'NONE',  ( 0.1643821012797051506, -0.01036943718401249145, 0.4000000000000000777 ) ) ;
#1047 = CARTESIAN_POINT ( 'NONE',  ( -0.03683672007034081292, 0.1329046573954839050, 0.2875531024955564341 ) ) ;
#1048 = CARTESIAN_POINT ( 'NONE',  ( -0.03571436064925870985, 0.1331713915877192900, 0.2885482009428995687 ) ) ;
#1049 = CARTESIAN_POINT ( 'NONE',  ( -0.01962891065280555208, -0.01833031581823147543, 1.799846238365496287 ) ) ;
#1050 = CARTESIAN_POINT ( 'NONE',  ( -0.1466930182499360247, 0.02067606070011060795, 0.4000000000000000222 ) ) ;
#1051 = CARTESIAN_POINT ( 'NONE',  ( -0.03964637156355434178, 0.1330514765610834593, 0.2737070469897560643 ) ) ;
#1052 = VECTOR ( 'NONE', #1348, 1.000000000000000000 ) ;
#1053 = CARTESIAN_POINT ( 'NONE',  ( 0.001753353076769425048, -0.02000839355086641430, 1.949999999999999734 ) ) ;
#1054 = EDGE_CURVE ( 'NONE', #870, #719, #872, .T. ) ;
#1055 = CARTESIAN_POINT ( 'NONE',  ( -0.1149455315580923953, 0.06793324262691105564, 0.000000000000000000 ) ) ;
#1056 = CARTESIAN_POINT ( 'NONE',  ( 0.01725436332655327226, -0.02908984411719933022, 1.950032885862212240 ) ) ;
#1057 = CARTESIAN_POINT ( 'NONE',  ( -0.1875667257251862063, 0.02350500312107302314, 0.000000000000000000 ) ) ;
#1058 = CARTESIAN_POINT ( 'NONE',  ( -0.09786620110187113641, 0.06682700621319036249, 0.4000000000000000222 ) ) ;
#1059 = EDGE_CURVE ( 'NONE', #870, #1576, #1215, .T. ) ;
#1060 = CARTESIAN_POINT ( 'NONE',  ( 0.1370316963372466834, 0.02305019947751368176, 0.4000000000000000222 ) ) ;
#1061 = B_SPLINE_SURFACE_WITH_KNOTS ( 'NONE', 3, 1, ( 
 ( #1104, #353 ),
 ( #993, #125 ),
 ( #867, #6 ),
 ( #241, #304 ),
 ( #964, #70 ),
 ( #588, #1198 ),
 ( #570, #821 ),
 ( #436, #442 ),
 ( #1466, #1323 ),
 ( #960, #1071 ),
 ( #334, #847 ),
 ( #1340, #826 ),
 ( #1452, #1445 ),
 ( #1569, #60 ),
 ( #221, #715 ),
 ( #1580, #949 ),
 ( #838, #1459 ),
 ( #205, #454 ),
 ( #567, #318 ),
 ( #200, #699 ),
 ( #1205, #1065 ),
 ( #1333, #707 ),
 ( #1207, #946 ),
 ( #693, #77 ),
 ( #315, #578 ),
 ( #1316, #1574 ),
 ( #448, #954 ),
 ( #82, #1080 ),
 ( #213, #878 ),
 ( #267, #239 ),
 ( #1004, #1492 ),
 ( #512, #1134 ),
 ( #473, #1502 ),
 ( #1475, #1376 ),
 ( #1366, #1123 ),
 ( #602, #343 ),
 ( #1485, #625 ),
 ( #1112, #1620 ),
 ( #133, #504 ),
 ( #973, #104 ),
 ( #865, #250 ),
 ( #1610, #257 ),
 ( #1092, #857 ),
 ( #992, #1349 ),
 ( #373, #1248 ),
 ( #362, #886 ),
 ( #757, #1258 ),
 ( #634, #747 ),
 ( #114, #123 ),
 ( #228, #727 ),
 ( #613, #898 ),
 ( #5, #1386 ),
 ( #1227, #490 ),
 ( #1013, #1509 ),
 ( #382, #1217 ),
 ( #983, #1103 ),
 ( #1601, #94 ),
 ( #595, #1592 ),
 ( #737, #481 ),
 ( #352, #1356 ),
 ( #1239, #1023 ),
 ( #413, #1287 ),
 ( #1532, #1179 ),
 ( #1165, #1421 ),
 ( #422, #1416 ),
 ( #1154, #1046 ),
 ( #777, #1551 ),
 ( #1521, #1542 ),
 ( #1173, #296 ),
 ( #941, #303 ),
 ( #557, #907 ),
 ( #1558, #804 ),
 ( #666, #795 ),
 ( #1297, #1036 ),
 ( #404, #533 ),
 ( #522, #1143 ),
 ( #544, #1276 ),
 ( #173, #38 ),
 ( #155, #645 ) ),
 .UNSPECIFIED., .F., .F., .F.,
 ( 4, 1, 1, 1, 1, 2, 1, 1, 1, 2, 1, 1, 2, 2, 1, 2, 1, 2, 2, 1, 2, 2, 1, 2, 2, 2, 2, 2, 1, 2, 2, 2, 2, 2, 1, 2, 1, 2, 2, 2, 1, 1, 1, 2, 1, 1, 2, 1, 1, 1, 1, 4 ),
 ( 2, 2 ),
 ( 0.000000000000000000, 0.02013994507210015161, 0.02758574173237160476, 0.04492993685817203708, 0.05772457470981673389, 0.06249999999999986122, 0.06539466876896282699, 0.09057236456150552506, 0.1120528926610934173, 0.1249999999999997224, 0.1475380240326917836, 0.1820396043161717214, 0.1874999999999995837, 0.2187499999999996669, 0.2206100339363581408, 0.2499999999999997780, 0.2789313299692370851, 0.2812499999999998890, 0.3124999999999999445, 0.3253894324006316729, 0.3437500000000000555, 0.3750000000000001665, 0.4062300331503143624, 0.4062500000000002776, 0.4375000000000003331, 0.4687500000000003886, 0.5000000000000004441, 0.5312500000000004441, 0.5565402700348627274, 0.5625000000000005551, 0.5937500000000005551, 0.6250000000000005551, 0.6562500000000006661, 0.6875000000000006661, 0.6918447363820866558, 0.7187500000000007772, 0.7451633366010256276, 0.7500000000000006661, 0.7812500000000005551, 0.8125000000000005551, 0.8179770590201773661, 0.8553930271112260009, 0.8722779447919225548, 0.8750000000000003331, 0.9024953193421871855, 0.9270465173513006141, 0.9375000000000002220, 0.9456470348765373402, 0.9563043902176010524, 0.9709838423861369971, 0.9825361400919792043, 1.000000000000000000 ),
 ( 0.000000000000000000, 1.000000000000000000 ),
 .UNSPECIFIED. ) ;
#1062 = CARTESIAN_POINT ( 'NONE',  ( -0.03623432126491721306, 0.1330173242724486116, 0.2885077032158091526 ) ) ;
#1063 = CARTESIAN_POINT ( 'NONE',  ( -0.03587447564500172853, 0.01499999999999997516, 1.150000000000000133 ) ) ;
#1064 = CARTESIAN_POINT ( 'NONE',  ( -0.01919216109780456578, -0.02111918722646726615, 1.949999999999999956 ) ) ;
#1065 = CARTESIAN_POINT ( 'NONE',  ( -0.1432916761991279986, -0.01724761686877086808, 0.4000000000000000222 ) ) ;
#1066 =( BOUNDED_SURFACE ( )  B_SPLINE_SURFACE ( 3, 1, ( 
 ( #158, #1157 ),
 ( #1039, #116 ),
 ( #515, #31 ),
 ( #136, #639 ),
 ( #536, #628 ),
 ( #917, #385 ),
 ( #742, #996 ) ),
 .UNSPECIFIED., .T., .F., .T. ) 
 B_SPLINE_SURFACE_WITH_KNOTS ( ( 4, 3, 4 ),
 ( 2, 2 ),
 ( 0.000000000000000000, 0.5000000000000000000, 1.000000000000000000 ),
 ( 0.000000000000000000, 1.000000000000000000 ),
 .UNSPECIFIED. ) 
 GEOMETRIC_REPRESENTATION_ITEM ( )  RATIONAL_B_SPLINE_SURFACE ( (
 ( 1.000000000000000000, 1.000000000000000000),
 ( 0.3333333333333333703, 0.3333333333333333703),
 ( 0.3333333333333333703, 0.3333333333333333703),
 ( 1.000000000000000000, 1.000000000000000000),
 ( 0.3333333333333333703, 0.3333333333333333703),
 ( 0.3333333333333333703, 0.3333333333333333703),
 ( 1.000000000000000000, 1.000000000000000000) ) ) 
 REPRESENTATION_ITEM ( '' )  SURFACE ( )  );
#1067 = CARTESIAN_POINT ( 'NONE',  ( -0.03557728861663785741, 0.1332219850129889027, 0.2884219929894163426 ) ) ;
#1068 = CARTESIAN_POINT ( 'NONE',  ( 0.02372926444512503744, -0.02805823427189965691, 1.950005117994360271 ) ) ;
#1069 = CARTESIAN_POINT ( 'NONE',  ( 0.06500000000000000222, 0.000000000000000000, 1.149999999999999911 ) ) ;
#1070 = CARTESIAN_POINT ( 'NONE',  ( 0.03675994637701801571, 0.1329151957354618996, 0.2877265609073758057 ) ) ;
#1071 = CARTESIAN_POINT ( 'NONE',  ( -0.1717681998642607288, -0.005821024255140985759, 0.4000000000000000222 ) ) ;
#1072 = CARTESIAN_POINT ( 'NONE',  ( -0.04075736223924680823, 0.1538681449179396254, 0.000000000000000000 ) ) ;
#1073 = CARTESIAN_POINT ( 'NONE',  ( 0.02367326291875685579, -0.02807025415236199389, 1.950010411806630151 ) ) ;
#1074 = CARTESIAN_POINT ( 'NONE',  ( 0.03552111086910565013, 0.1332442026939740787, 0.2883493769189321987 ) ) ;
#1075 = CARTESIAN_POINT ( 'NONE',  ( -0.01649509177767397722, -0.02917636844413037597, 1.950000000000000178 ) ) ;
#1076 = ADVANCED_BREP_SHAPE_REPRESENTATION ( 'Bunny_Bomb', ( #1282, #183 ), #124 ) ;
#1077 = ORIENTED_EDGE ( 'NONE', *, *, #1218, .F. ) ;
#1078 = CARTESIAN_POINT ( 'NONE',  ( 0.02999780903288227357, -0.02506042746494909976, 1.949999999999999956 ) ) ;
#1079 = CARTESIAN_POINT ( 'NONE',  ( 0.02374796832886261200, -0.02805475133938170954, 1.949999999999999956 ) ) ;
#1080 = CARTESIAN_POINT ( 'NONE',  ( -0.1081291272108587526, -0.02360799610517521491, 0.4000000000000000222 ) ) ;
#1081 = CARTESIAN_POINT ( 'NONE',  ( 0.01649509185665960775, -0.02917636546109987628, 1.949999999999999956 ) ) ;
#1082 = CARTESIAN_POINT ( 'NONE',  ( 0.04768836318478574671, -0.01805035881356574501, 1.532513623280942427 ) ) ;
#1083 = CARTESIAN_POINT ( 'NONE',  ( -0.01156244531372854246, -0.02971753232897977187, 1.949999999999999734 ) ) ;
#1084 = CARTESIAN_POINT ( 'NONE',  ( 0.1883109787412594605, 0.02196875028675070521, 0.000000000000000000 ) ) ;
#1085 = ORIENTED_EDGE ( 'NONE', *, *, #467, .T. ) ;
#1086 = CARTESIAN_POINT ( 'NONE',  ( -4.423544863740858091E-17, -0.02999999999999999889, 1.949999999999999956 ) ) ;
#1087 = ADVANCED_FACE ( 'NONE', ( #593 ), #881, .T. ) ;
#1088 = CARTESIAN_POINT ( 'NONE',  ( -0.1736809176316728154, 0.03989585095871328591, 0.000000000000000000 ) ) ;
#1089 = CARTESIAN_POINT ( 'NONE',  ( -0.01646224953593826423, -0.02081968611316852361, 1.949999999999999956 ) ) ;
#1090 = CARTESIAN_POINT ( 'NONE',  ( 0.02539605317423140191, 0.1582590274025794941, 0.000000000000000000 ) ) ;
#1091 = CARTESIAN_POINT ( 'NONE',  ( 0.1875667257251864284, 0.02350500312107291906, 0.000000000000000000 ) ) ;
#1092 = CARTESIAN_POINT ( 'NONE',  ( 0.01663146866710704663, -0.02987170119985541050, 0.000000000000000000 ) ) ;
#1093 = VERTEX_POINT ( 'NONE', #644 ) ;
#1094 = CARTESIAN_POINT ( 'NONE',  ( 0.02993850652084465574, -0.02508733718948031113, 1.952672396055103787 ) ) ;
#1095 = ORIENTED_EDGE ( 'NONE', *, *, #432, .F. ) ;
#1096 =( NAMED_UNIT ( * ) PLANE_ANGLE_UNIT ( ) SI_UNIT ( $, .RADIAN. ) );
#1097 = CARTESIAN_POINT ( 'NONE',  ( 0.03277104949214944274, 0.1440280667400928583, 0.1569294045561472895 ) ) ;
#1098 = EDGE_CURVE ( 'NONE', #8, #280, #234, .T. ) ;
#1099 = CARTESIAN_POINT ( 'NONE',  ( -0.1427851435086194554, 0.05209913863558984781, 0.000000000000000000 ) ) ;
#1100 = CARTESIAN_POINT ( 'NONE',  ( 0.03750560176256910461, 0.1328454411370578458, 0.2855772209037562015 ) ) ;
#1101 = CARTESIAN_POINT ( 'NONE',  ( 0.03744894861892267973, 0.1548490336861141903, 0.000000000000000000 ) ) ;
#1102 = CARTESIAN_POINT ( 'NONE',  ( -0.09999999999999997780, 0.04999999999999994726, 0.4000000000000000222 ) ) ;
#1103 = CARTESIAN_POINT ( 'NONE',  ( 0.1249483665296125673, -0.02102407113653548265, 0.3999999999999999112 ) ) ;
#1104 = CARTESIAN_POINT ( 'NONE',  ( -0.1895745671445300817, 0.01912351996247986519, 0.000000000000000000 ) ) ;
#1105 = CARTESIAN_POINT ( 'NONE',  ( -0.03426798071296277559, 0.01064611633235880428, 0.3999999999999999667 ) ) ;
#1106 = VERTEX_POINT ( 'NONE', #434 ) ;
#1107 = CARTESIAN_POINT ( 'NONE',  ( -0.04685371944214156842, 0.1366402163749911303, 0.1926203734003255064 ) ) ;
#1108 = CARTESIAN_POINT ( 'NONE',  ( -0.02374796687553629160, -0.02805474687452933283, 1.950000000000000178 ) ) ;
#1109 =( BOUNDED_SURFACE ( )  B_SPLINE_SURFACE ( 3, 1, ( 
 ( #1413, #1000 ),
 ( #775, #1500 ),
 ( #370, #884 ),
 ( #1374, #255 ) ),
 .UNSPECIFIED., .F., .F., .F. ) 
 B_SPLINE_SURFACE_WITH_KNOTS ( ( 4, 4 ),
 ( 2, 2 ),
 ( 0.000000000000000000, 1.000000000000000000 ),
 ( 0.000000000000000000, 1.000000000000000000 ),
 .UNSPECIFIED. ) 
 GEOMETRIC_REPRESENTATION_ITEM ( )  RATIONAL_B_SPLINE_SURFACE ( (
 ( 1.000000000000000000, 1.000000000000000000),
 ( 0.3333333333333324822, 0.3333333333333317050),
 ( 0.3333333333333324822, 0.3333333333333317050),
 ( 1.000000000000000000, 1.000000000000000000) ) ) 
 REPRESENTATION_ITEM ( '' )  SURFACE ( )  );
#1110 = CARTESIAN_POINT ( 'NONE',  ( -0.09999999999999997780, 0.05000000000000000278, 0.4000000000000000222 ) ) ;
#1111 = CARTESIAN_POINT ( 'NONE',  ( 0.03925819172293279480, -0.02085833991957193947, 1.532692042557257883 ) ) ;
#1112 = CARTESIAN_POINT ( 'NONE',  ( -0.01746567348132845379, -0.02986402284787294248, 0.000000000000000000 ) ) ;
#1113 = ORIENTED_EDGE ( 'NONE', *, *, #854, .T. ) ;
#1114 = ORIENTED_EDGE ( 'NONE', *, *, #928, .F. ) ;
#1115 = CARTESIAN_POINT ( 'NONE',  ( -0.1000000000000000056, -0.01499999999999999944, 1.149999999999999911 ) ) ;
#1116 = CARTESIAN_POINT ( 'NONE',  ( -0.09014513054101710998, 0.08463363193268981510, 0.4000000000000000222 ) ) ;
#1117 = B_SPLINE_CURVE_WITH_KNOTS ( 'NONE', 3,
 ( #140, #17, #632, #520 ),
 .UNSPECIFIED., .F., .F.,
 ( 4, 4 ),
 ( 0.000000000000000000, 1.000000000000000000 ),
 .UNSPECIFIED. ) ;
#1118 = CARTESIAN_POINT ( 'NONE',  ( 0.03671706920481976333, -0.02471156012624708270, 1.799835405881476502 ) ) ;
#1119 = CARTESIAN_POINT ( 'NONE',  ( 0.04144753151435141142, 0.1335764625208085976, 0.2587264586742040184 ) ) ;
#1120 = B_SPLINE_SURFACE_WITH_KNOTS ( 'NONE', 3, 1, ( 
 ( #1246, #380 ),
 ( #225, #1607 ),
 ( #979, #620 ),
 ( #486, #348 ),
 ( #1121, #1472 ),
 ( #1011, #1363 ),
 ( #359, #1235 ),
 ( #1223, #1589 ),
 ( #1598, #121 ),
 ( #764, #1499 ),
 ( #1489, #2 ),
 ( #247, #369 ),
 ( #745, #853 ),
 ( #1618, #510 ),
 ( #265, #753 ),
 ( #1373, #1255 ),
 ( #130, #1507 ),
 ( #478, #1481 ),
 ( #1346, #111 ),
 ( #894, #631 ),
 ( #1132, #723 ),
 ( #610, #988 ),
 ( #502, #100 ),
 ( #999, #254 ),
 ( #1383, #1262 ),
 ( #469, #970 ),
 ( #1020, #1548 ),
 ( #903, #300 ),
 ( #1412, #548 ),
 ( #1152, #1393 ),
 ( #912, #931 ),
 ( #1402, #152 ),
 ( #1528, #320 ),
 ( #1447, #285 ),
 ( #26, #950 ),
 ( #1419, #530 ),
 ( #1033, #824 ),
 ( #922, #1284 ),
 ( #801, #1319 ),
 ( #1539, #195 ),
 ( #690, #572 ),
 ( #1163, #139 ),
 ( #36, #541 ),
 ( #1072, #643 ),
 ( #1572, #1140 ),
 ( #1043, #411 ),
 ( #629, #538 ),
 ( #13, #1129 ),
 ( #1272, #1391 ),
 ( #377, #1361 ),
 ( #148, #398 ),
 ( #1515, #34 ),
 ( #640, #890 ),
 ( #281, #1138 ),
 ( #387, #272 ),
 ( #651, #1147 ),
 ( #1042, #873 ),
 ( #1526, #783 ),
 ( #117, #1116 ),
 ( #1615, #72 ),
 ( #54, #310 ),
 ( #417, #1305 ),
 ( #1169, #1058 ),
 ( #919, #1560 ),
 ( #1311, #429 ),
 ( #669, #48 ),
 ( #1553, #188 ),
 ( #1055, #437 ) ),
 .UNSPECIFIED., .F., .F., .F.,
 ( 4, 1, 2, 2, 1, 1, 2, 2, 2, 1, 2, 1, 2, 2, 2, 2, 2, 2, 2, 2, 2, 2, 1, 2, 2, 1, 2, 2, 1, 2, 2, 1, 2, 2, 1, 2, 1, 2, 1, 4 ),
 ( 2, 2 ),
 ( 0.000000000000000000, 0.05574537412813473924, 0.06250000000000008327, 0.1250000000000001665, 0.1254511070219547220, 0.1752714182514981678, 0.1875000000000002498, 0.2187500000000001665, 0.2500000000000001110, 0.2557239180327580685, 0.2812500000000000555, 0.3001039704337269409, 0.3124999999999999445, 0.3437499999999998890, 0.3749999999999998335, 0.3941463220414000990, 0.4062499999999997780, 0.4374999999999996669, 0.4687499999999996114, 0.4999999999999995559, 0.5312499999999994449, 0.5624999999999994449, 0.5795223049122868453, 0.5937499999999993339, 0.6249999999999992228, 0.6320426085217659695, 0.6562499999999993339, 0.6874999999999993339, 0.6934988309073530921, 0.7187499999999994449, 0.7499999999999994449, 0.7677461079570078173, 0.7812499999999994449, 0.8124999999999995559, 0.8186285427145325588, 0.8749999999999996669, 0.8984167867324311940, 0.9374999999999998890, 0.9383642125401008283, 1.000000000000000000 ),
 ( 0.000000000000000000, 1.000000000000000000 ),
 .UNSPECIFIED. ) ;
#1121 = CARTESIAN_POINT ( 'NONE',  ( 0.1096857084496956208, 0.09438835722863592181, 0.000000000000000000 ) ) ;
#1122 = CARTESIAN_POINT ( 'NONE',  ( 0.1757825235950840614, -0.006383952803720605723, 0.000000000000000000 ) ) ;
#1123 = CARTESIAN_POINT ( 'NONE',  ( -0.05683066334401354336, -0.02839971520113924314, 0.4000000000000001887 ) ) ;
#1124 =( BOUNDED_CURVE ( )  B_SPLINE_CURVE ( 3, ( #379, #24, #883, #893 ),
 .UNSPECIFIED., .F., .T. ) 
 B_SPLINE_CURVE_WITH_KNOTS ( ( 4, 4 ),
 ( 0.01986453138278052380, 0.6648455128074064469 ),
 .UNSPECIFIED. ) 
 CURVE ( )  GEOMETRIC_REPRESENTATION_ITEM ( )  RATIONAL_B_SPLINE_CURVE ( ( 1.000000000000000000, 0.9656326999726646543, 0.9656326999726646543, 1.000000000000000000 ) ) 
 REPRESENTATION_ITEM ( '' )  );
#1125 = CARTESIAN_POINT ( 'NONE',  ( -0.09428090415820633563, 0.02500000000000000486, 0.7500000000000000000 ) ) ;
#1126 = CARTESIAN_POINT ( 'NONE',  ( -0.03925819172293278786, -0.02085833991957193601, 1.532692042557257883 ) ) ;
#1127 = EDGE_LOOP ( 'NONE', ( #1188, #546, #924 ) ) ;
#1128 = CARTESIAN_POINT ( 'NONE',  ( -0.09080605418096787673, -0.003469769171118256001, 1.149999999999999911 ) ) ;
#1129 = CARTESIAN_POINT ( 'NONE',  ( -0.06300118846562831332, 0.1121955338712703892, 0.4000000000000000222 ) ) ;
#1130 = CARTESIAN_POINT ( 'NONE',  ( 0.02999408121858196039, -0.02490068402652971871, 1.949999999999999956 ) ) ;
#1131 = CARTESIAN_POINT ( 'NONE',  ( -0.07499999999999927558, 0.1999038105676662347, 0.000000000000000000 ) ) ;
#1132 = CARTESIAN_POINT ( 'NONE',  ( 0.05586169565399402848, 0.1481437416834105458, 0.000000000000000000 ) ) ;
#1133 = CARTESIAN_POINT ( 'NONE',  ( 0.1895745671445302205, 0.01912351996247977498, 0.000000000000000000 ) ) ;
#1134 = CARTESIAN_POINT ( 'NONE',  ( -0.07630144686360722239, -0.02702386771532742579, 0.4000000000000001332 ) ) ;
#1135 = EDGE_CURVE ( 'NONE', #1390, #870, #1559, .T. ) ;
#1136 = ORIENTED_EDGE ( 'NONE', *, *, #87, .T. ) ;
#1137 = CARTESIAN_POINT ( 'NONE',  ( -0.07288792211679935573, -0.01417742644567450243, 1.149999999999999911 ) ) ;
#1138 = CARTESIAN_POINT ( 'NONE',  ( -0.08113575090924853017, 0.09678853236346821043, 0.4000000000000000222 ) ) ;
#1139 = CARTESIAN_POINT ( 'NONE',  ( -0.08461410794629477261, -0.02425661336789395467, 1.266384688167696115 ) ) ;
#1140 = CARTESIAN_POINT ( 'NONE',  ( -0.05126271770691252089, 0.1187473249192087382, 0.4000000000000000222 ) ) ;
#1141 = FILL_AREA_STYLE ('',( #913 ) ) ;
#1142 = CARTESIAN_POINT ( 'NONE',  ( -0.1241577929529244506, 0.05816973171145041477, 0.000000000000000000 ) ) ;
#1143 = CARTESIAN_POINT ( 'NONE',  ( 0.1746887817587089997, -0.001854371956634337125, 0.4000000000000000222 ) ) ;
#1144 = CARTESIAN_POINT ( 'NONE',  ( 0.1847522863266803927, 0.02832756982752625968, 0.000000000000000000 ) ) ;
#1145 = CARTESIAN_POINT ( 'NONE',  ( -0.09999999999999997780, 0.05000000000000000278, 0.4000000000000000222 ) ) ;
#1146 = CARTESIAN_POINT ( 'NONE',  ( -0.02999408121857456699, -0.01500000000000000638, 1.969999999999999085 ) ) ;
#1147 = CARTESIAN_POINT ( 'NONE',  ( -0.08474968302556035171, 0.09247813160520511333, 0.4000000000000001332 ) ) ;
#1148 = EDGE_CURVE ( 'NONE', #105, #1460, #219, .T. ) ;
#1149 =( BOUNDED_SURFACE ( )  B_SPLINE_SURFACE ( 3, 1, ( 
 ( #652, #55 ),
 ( #617, #378 ),
 ( #675, #500 ),
 ( #1010, #744 ) ),
 .UNSPECIFIED., .F., .F., .F. ) 
 B_SPLINE_SURFACE_WITH_KNOTS ( ( 4, 4 ),
 ( 2, 2 ),
 ( 0.000000000000000000, 1.000000000000000000 ),
 ( 0.000000000000000000, 1.000000000000000000 ),
 .UNSPECIFIED. ) 
 GEOMETRIC_REPRESENTATION_ITEM ( )  RATIONAL_B_SPLINE_SURFACE ( (
 ( 1.000000000000000000, 1.000000000000000000),
 ( 0.5555555555555553582, 0.3333333333333312609),
 ( 0.5555555555555553582, 0.3333333333333312609),
 ( 1.000000000000000000, 1.000000000000000000) ) ) 
 REPRESENTATION_ITEM ( '' )  SURFACE ( )  );
#1150 = CARTESIAN_POINT ( 'NONE',  ( 0.05519150099231010659, -0.02999999999999993297, 1.150000000000000133 ) ) ;
#1151 = CARTESIAN_POINT ( 'NONE',  ( 0.03818008661812219429, 0.1328545828816262431, 0.2826235244675743830 ) ) ;
#1152 = CARTESIAN_POINT ( 'NONE',  ( 0.02358253270448922370, 0.1580332874594118642, 0.000000000000000000 ) ) ;
#1153 = CARTESIAN_POINT ( 'NONE',  ( -0.1427851435086194554, 0.05209913863558984781, 0.000000000000000000 ) ) ;
#1154 = CARTESIAN_POINT ( 'NONE',  ( 0.1452847340840930646, -0.01727612058585847529, 0.000000000000000000 ) ) ;
#1155 = CARTESIAN_POINT ( 'NONE',  ( -0.09999999999999997780, 0.04999999999999994726, 0.4000000000000000222 ) ) ;
#1156 = CARTESIAN_POINT ( 'NONE',  ( -0.04144684616078896100, 0.1335762946285922459, 0.2587331166768206958 ) ) ;
#1157 = CARTESIAN_POINT ( 'NONE',  ( 0.02141016151377374277, 0.1070834875401138336, 0.3999999999999999667 ) ) ;
#1158 = CARTESIAN_POINT ( 'NONE',  ( 0.03439409434275087635, 0.1338806798393312736, 0.2843118928061985073 ) ) ;
#1159 = ORIENTED_EDGE ( 'NONE', *, *, #799, .F. ) ;
#1160 = CARTESIAN_POINT ( 'NONE',  ( 0.1720087313853049527, 0.005379921589934790437, 0.4000000000000000777 ) ) ;
#1161 = EDGE_CURVE ( 'NONE', #782, #90, #517, .T. ) ;
#1162 = CARTESIAN_POINT ( 'NONE',  ( -0.03458904115671571078, 0.1337412662749317971, 0.2854074476880206768 ) ) ;
#1163 = CARTESIAN_POINT ( 'NONE',  ( -0.03351626823611508071, 0.1559406812302092660, 0.000000000000000000 ) ) ;
#1164 = CARTESIAN_POINT ( 'NONE',  ( -0.1885122201707768730, 0.02152925955046070330, 0.000000000000000000 ) ) ;
#1165 = CARTESIAN_POINT ( 'NONE',  ( 0.1312219059015938272, -0.02012109529237942479, 0.000000000000000000 ) ) ;
#1166 = CARTESIAN_POINT ( 'NONE',  ( 0.1427851435086195941, 0.05209913863558984087, 0.000000000000000000 ) ) ;
#1167 = CARTESIAN_POINT ( 'NONE',  ( 0.03597857829774602639, 0.1330855706485898904, 0.2886303073088007376 ) ) ;
#1168 = VERTEX_POINT ( 'NONE', #198 ) ;
#1169 = CARTESIAN_POINT ( 'NONE',  ( -0.1079715077017173175, 0.09829680969686231673, 0.000000000000000000 ) ) ;
#1170 = CARTESIAN_POINT ( 'NONE',  ( 0.1778351173966953858, 0.03642794547465771915, 0.000000000000000000 ) ) ;
#1171 = CARTESIAN_POINT ( 'NONE',  ( -0.03332794051917099820, -0.02354931237269303201, 1.799931648067632395 ) ) ;
#1172 = CARTESIAN_POINT ( 'NONE',  ( -0.1736809176316728154, 0.03989585095871328591, 0.000000000000000000 ) ) ;
#1173 = CARTESIAN_POINT ( 'NONE',  ( 0.1596595739868093278, -0.01324114031438262777, 0.000000000000000000 ) ) ;
#1174 = CARTESIAN_POINT ( 'NONE',  ( -0.03802383929975389210, 0.1328473318917571255, 0.2833811762850715343 ) ) ;
#1175 = CARTESIAN_POINT ( 'NONE',  ( 0.1711447671982063157, 0.006556920935829017513, 0.4000000000000000777 ) ) ;
#1176 = CARTESIAN_POINT ( 'NONE',  ( -0.03396907888012943438, -0.02525467947574342939, 1.799899567338913320 ) ) ;
#1177 = CARTESIAN_POINT ( 'NONE',  ( 0.03671706920481974251, -0.02471156012624707923, 1.799835405881476502 ) ) ;
#1178 = CARTESIAN_POINT ( 'NONE',  ( -0.1177148025976740980, 0.06330271478283158726, 0.000000000000000000 ) ) ;
#1179 = CARTESIAN_POINT ( 'NONE',  ( 0.1550056811008710955, -0.01395404620628691063, 0.4000000000000000222 ) ) ;
#1180 = EDGE_CURVE ( 'NONE', #905, #961, #403, .T. ) ;
#1181 = CARTESIAN_POINT ( 'NONE',  ( -0.04910459797770403562, 0.1385371360933119744, 0.1565169321916385359 ) ) ;
#1182 = CARTESIAN_POINT ( 'NONE',  ( -0.02999780903288227357, -0.02506042746494909629, 1.949999999999999956 ) ) ;
#1183 =( BOUNDED_CURVE ( )  B_SPLINE_CURVE ( 3, ( #363, #126, #29, #1387 ),
 .UNSPECIFIED., .F., .T. ) 
 B_SPLINE_CURVE_WITH_KNOTS ( ( 4, 4 ),
 ( 3.137690778718494666, 3.798962565561101901 ),
 .UNSPECIFIED. ) 
 CURVE ( )  GEOMETRIC_REPRESENTATION_ITEM ( )  RATIONAL_B_SPLINE_CURVE ( ( 1.000000000000000000, 0.9638907302941692734, 0.9638907302941692734, 1.000000000000000000 ) ) 
 REPRESENTATION_ITEM ( '' )  );
#1184 = CARTESIAN_POINT ( 'NONE',  ( -0.03579548603376176558, 0.1331431588690307199, 0.2885994928031285212 ) ) ;
#1185 = CARTESIAN_POINT ( 'NONE',  ( 0.04868927143239452915, -0.02437477095082589765, 1.532424413642784700 ) ) ;
#1186 = CARTESIAN_POINT ( 'NONE',  ( 0.1149455315580925341, 0.06793324262691116666, 0.000000000000000000 ) ) ;
#1187 = FACE_OUTER_BOUND ( 'NONE', #1127, .T. ) ;
#1188 = ORIENTED_EDGE ( 'NONE', *, *, #187, .F. ) ;
#1189 = B_SPLINE_SURFACE_WITH_KNOTS ( 'NONE', 3, 1, ( 
 ( #837, #612 ),
 ( #736, #1332 ),
 ( #1206, #698 ),
 ( #489, #991 ),
 ( #212, #361 ),
 ( #204, #88 ),
 ( #1204, #587 ),
 ( #846, #714 ),
 ( #81, #580 ),
 ( #1084, #220 ),
 ( #93, #594 ),
 ( #1091, #431 ),
 ( #190, #1409 ),
 ( #1555, #1160 ),
 ( #292, #1175 ),
 ( #676, #1424 ),
 ( #1432, #64 ),
 ( #1170, #409 ),
 ( #790, #1307 ),
 ( #930, #561 ),
 ( #1418, #311 ),
 ( #1545, #1299 ),
 ( #539, #1060 ),
 ( #812, #1537 ),
 ( #40, #920 ),
 ( #1293, #547 ),
 ( #175, #554 ),
 ( #107, #871 ),
 ( #1243, #955 ),
 ( #1453, #1476 ),
 ( #207, #456 ),
 ( #328, #336 ),
 ( #702, #968 ),
 ( #463, #841 ) ),
 .UNSPECIFIED., .F., .F., .F.,
 ( 4, 1, 1, 1, 1, 1, 1, 1, 1, 1, 1, 1, 1, 1, 1, 1, 1, 1, 1, 1, 1, 1, 1, 1, 1, 1, 1, 1, 1, 1, 1, 4 ),
 ( 2, 2 ),
 ( 0.000000000000000000, 0.007812500000000064185, 0.01562500000000012837, 0.01757812500000014572, 0.01953125000000015959, 0.02050781250000017000, 0.02148437500000017694, 0.02343750000000007980, 0.02734375000000000000, 0.03125000000000003469, 0.03906250000000009714, 0.04687500000000004857, 0.06250000000000006939, 0.07812500000000008327, 0.09375000000000009714, 0.1250000000000000278, 0.1562499999999999445, 0.1874999999999999722, 0.2500000000000000000, 0.3125000000000000000, 0.3749999999999999445, 0.5000000000000000000, 0.6250000000000000000, 0.6875000000000001110, 0.7500000000000000000, 0.8125000000000000000, 0.8750000000000000000, 0.9062500000000001110, 0.9375000000000000000, 0.9687500000000000000, 0.9843750000000001110, 1.000000000000000000 ),
 ( 0.000000000000000000, 1.000000000000000000 ),
 .UNSPECIFIED. ) ;
#1190 = CARTESIAN_POINT ( 'NONE',  ( -0.03536514567086047889, 0.1333086587572819282, 0.2881121967697594655 ) ) ;
#1191 = CARTESIAN_POINT ( 'NONE',  ( 0.02134496413401388779, -0.02851527508815308171, 1.950061665881456019 ) ) ;
#1192 = CARTESIAN_POINT ( 'NONE',  ( 0.03579696321979978363, 0.1331425913644142534, 0.2886004241003584103 ) ) ;
#1193 = CARTESIAN_POINT ( 'NONE',  ( 0.07499999999999927558, 0.1999038105676662347, 0.000000000000000000 ) ) ;
#1194 = CARTESIAN_POINT ( 'NONE',  ( 0.03925819172293279480, -0.02085833991957193947, 1.532692042557257883 ) ) ;
#1195 = ORIENTED_EDGE ( 'NONE', *, *, #331, .T. ) ;
#1196 = CARTESIAN_POINT ( 'NONE',  ( 0.02374796832886261200, -0.02805475133938170954, 1.949999999999999956 ) ) ;
#1197 = CARTESIAN_POINT ( 'NONE',  ( 0.03658538525729920082, 0.1329436110646883829, 0.2880617953934913045 ) ) ;
#1198 = CARTESIAN_POINT ( 'NONE',  ( -0.1738294870423129634, -0.003482146917255062035, 0.4000000000000000777 ) ) ;
#1199 = CLOSED_SHELL ( 'NONE', ( #1470, #1437, #815, #43, #1087, #730, #339, #891, #1395, #672, #1338, #290, #1444, #1606, #843, #97, #943, #169, #322, #1587, #831, #401 ) ) ;
#1200 = ORIENTED_EDGE ( 'NONE', *, *, #705, .T. ) ;
#1201 = CARTESIAN_POINT ( 'NONE',  ( -0.0009520675696667230993, -0.02000188931612063847, 1.949999999999999956 ) ) ;
#1202 = EDGE_CURVE ( 'NONE', #1343, #1390, #1030, .T. ) ;
#1203 = CARTESIAN_POINT ( 'NONE',  ( -0.03671706920481974251, -0.02471156012624708964, 1.799835405881476502 ) ) ;
#1204 = CARTESIAN_POINT ( 'NONE',  ( 0.1887291904721359048, 0.02104239380895232131, 0.000000000000000000 ) ) ;
#1205 = CARTESIAN_POINT ( 'NONE',  ( -0.1086431270372648777, -0.02366808045558534829, 0.000000000000000000 ) ) ;
#1206 = CARTESIAN_POINT ( 'NONE',  ( 0.1892513962632971225, 0.01985704034541367277, 0.000000000000000000 ) ) ;
#1207 = CARTESIAN_POINT ( 'NONE',  ( -0.09621747083175856419, -0.02516454535003364440, 0.000000000000000000 ) ) ;
#1208 = CARTESIAN_POINT ( 'NONE',  ( 0.08461410794629486976, -0.02425661336789378814, 1.266384688167696115 ) ) ;
#1209 = CARTESIAN_POINT ( 'NONE',  ( 0.005905433896558287543, -0.02999999999999999889, 1.949999999999999956 ) ) ;
#1210 = B_SPLINE_CURVE_WITH_KNOTS ( 'NONE', 3,
 ( #1238, #1484, #726, #350, #864 ),
 .UNSPECIFIED., .F., .F.,
 ( 4, 1, 4 ),
 ( 0.000000000000000000, 0.4384501816421731424, 1.000000000000000000 ),
 .UNSPECIFIED. ) ;
#1211 = CARTESIAN_POINT ( 'NONE',  ( 0.03228498687921668026, 0.1413927144987121576, 0.1931475157994194947 ) ) ;
#1212 = B_SPLINE_CURVE_WITH_KNOTS ( 'NONE', 3,
 ( #66, #301, #555, #42 ),
 .UNSPECIFIED., .F., .F.,
 ( 4, 4 ),
 ( 0.000000000000000000, 1.000000000000000000 ),
 .UNSPECIFIED. ) ;
#1213 = CARTESIAN_POINT ( 'NONE',  ( 0.07378662339439134854, -0.007953744313728550522, 1.266261574190766348 ) ) ;
#1214 = CARTESIAN_POINT ( 'NONE',  ( 0.07797465780447136730, 0.1359548023366923264, 0.000000000000000000 ) ) ;
#1215 = LINE ( 'NONE', #1608, #288 ) ;
#1216 = CARTESIAN_POINT ( 'NONE',  ( 0.001753353076769425048, -0.02000839355086641430, 1.949999999999999734 ) ) ;
#1217 = CARTESIAN_POINT ( 'NONE',  ( 0.1205085967392269530, -0.02177774808558972583, 0.3999999999999999667 ) ) ;
#1218 = EDGE_CURVE ( 'NONE', #772, #848, #746, .T. ) ;
#1219 = CARTESIAN_POINT ( 'NONE',  ( -0.004089653438084941105, 0.1170834875401137315, 0.3999999999999999667 ) ) ;
#1220 = ORIENTED_EDGE ( 'NONE', *, *, #179, .T. ) ;
#1221 = CARTESIAN_POINT ( 'NONE',  ( 0.03263370550147669941, 0.1364816546227897720, 0.2565071709428085600 ) ) ;
#1222 = CARTESIAN_POINT ( 'NONE',  ( -0.06500000000000004385, -9.142176386979213253E-17, 1.150000000000000133 ) ) ;
#1223 = CARTESIAN_POINT ( 'NONE',  ( 0.1007483108194098254, 0.1112135879480430634, 0.000000000000000000 ) ) ;
#1224 =( BOUNDED_CURVE ( )  B_SPLINE_CURVE ( 3, ( #1584, #460, #1464, #845 ),
 .UNSPECIFIED., .F., .T. ) 
 B_SPLINE_CURVE_WITH_KNOTS ( ( 4, 4 ),
 ( 5.625815420711148818, 6.279007249647187372 ),
 .UNSPECIFIED. ) 
 CURVE ( )  GEOMETRIC_REPRESENTATION_ITEM ( )  RATIONAL_B_SPLINE_CURVE ( ( 1.000000000000000000, 0.9647599535427239248, 0.9647599535427239248, 1.000000000000000000 ) ) 
 REPRESENTATION_ITEM ( '' )  );
#1225 = LINE ( 'NONE', #249, #833 ) ;
#1226 = CARTESIAN_POINT ( 'NONE',  ( -0.1127087933136423220, 0.01328447950029091815, 0.4000000000000000222 ) ) ;
#1227 = CARTESIAN_POINT ( 'NONE',  ( 0.07415951184547650565, -0.02723561520567506500, 0.000000000000000000 ) ) ;
#1228 = ORIENTED_EDGE ( 'NONE', *, *, #10, .T. ) ;
#1229 = ORIENTED_EDGE ( 'NONE', *, *, #131, .T. ) ;
#1230 = CARTESIAN_POINT ( 'NONE',  ( 0.02999408121858196732, -0.02499999999999999792, 1.950000000000000178 ) ) ;
#1231 =( NAMED_UNIT ( * ) SI_UNIT ( $, .STERADIAN. ) SOLID_ANGLE_UNIT ( ) );
#1232 = CARTESIAN_POINT ( 'NONE',  ( 0.1886445338585119591, 0.02123391983047820050, 0.000000000000000000 ) ) ;
#1233 = CARTESIAN_POINT ( 'NONE',  ( -0.1895745671445300817, 0.01912351996247986519, 0.000000000000000000 ) ) ;
#1234 = CARTESIAN_POINT ( 'NONE',  ( 0.05646909802405321310, 0.1478128037594636512, 0.000000000000000000 ) ) ;
#1235 = CARTESIAN_POINT ( 'NONE',  ( 0.09598922154955545627, 0.07242956374979084289, 0.4000000000000001887 ) ) ;
#1236 = CARTESIAN_POINT ( 'NONE',  ( 0.1499999999999999944, 4.930380657631323784E-31, 0.7500000000000000000 ) ) ;
#1237 = CARTESIAN_POINT ( 'NONE',  ( -0.1697169993306218427, -0.009516544508625449095, 0.000000000000000000 ) ) ;
#1238 = CARTESIAN_POINT ( 'NONE',  ( -0.06500000000000002998, -9.509570426723417169E-17, 1.149999999999999911 ) ) ;
#1239 = CARTESIAN_POINT ( 'NONE',  ( 0.1132307678552100516, -0.02305645251821351535, 0.000000000000000000 ) ) ;
#1240 =( BOUNDED_SURFACE ( )  B_SPLINE_SURFACE ( 3, 1, ( 
 ( #648, #354 ),
 ( #242, #232 ),
 ( #525, #605 ),
 ( #869, #1105 ),
 ( #1612, #984 ),
 ( #1621, #1486 ),
 ( #506, #740 ) ),
 .UNSPECIFIED., .T., .F., .F. ) 
 B_SPLINE_SURFACE_WITH_KNOTS ( ( 4, 3, 4 ),
 ( 2, 2 ),
 ( 0.000000000000000000, 0.5000000000000000000, 1.000000000000000000 ),
 ( 0.000000000000000000, 1.000000000000000000 ),
 .UNSPECIFIED. ) 
 GEOMETRIC_REPRESENTATION_ITEM ( )  RATIONAL_B_SPLINE_SURFACE ( (
 ( 1.000000000000000000, 1.000000000000000000),
 ( 0.3333333333333333703, 0.3333333333333333703),
 ( 0.3333333333333333703, 0.3333333333333333703),
 ( 1.000000000000000000, 1.000000000000000000),
 ( 0.3333333333333333703, 0.3333333333333333703),
 ( 0.3333333333333333703, 0.3333333333333333703),
 ( 1.000000000000000000, 1.000000000000000000) ) ) 
 REPRESENTATION_ITEM ( '' )  SURFACE ( )  );
#1241 = ORIENTED_EDGE ( 'NONE', *, *, #1044, .T. ) ;
#1242 = CARTESIAN_POINT ( 'NONE',  ( -0.09428090415820634951, 0.02500000000000000139, 0.7500000000000000000 ) ) ;
#1243 = CARTESIAN_POINT ( 'NONE',  ( 0.1177148025976742368, 0.06330271478283158726, 0.000000000000000000 ) ) ;
#1244 = CARTESIAN_POINT ( 'NONE',  ( 0.02999116369614321376, -0.02490103164996034998, 1.949999999999999956 ) ) ;
#1245 = CARTESIAN_POINT ( 'NONE',  ( 0.03802765330141989059, 0.1328473476895486727, 0.2833636385912025601 ) ) ;
#1246 = CARTESIAN_POINT ( 'NONE',  ( 0.1149455315580925341, 0.06793324262691116666, 0.000000000000000000 ) ) ;
#1247 = CARTESIAN_POINT ( 'NONE',  ( -0.05646908056825793165, 0.1478127731323369831, 0.000000000000000000 ) ) ;
#1248 = CARTESIAN_POINT ( 'NONE',  ( 0.04174984285178647003, -0.02913470071937794559, 0.4000000000000000222 ) ) ;
#1249 = CARTESIAN_POINT ( 'NONE',  ( -0.1499999999999999944, -1.729966441424471218E-17, 0.7500000000000000000 ) ) ;
#1250 = CARTESIAN_POINT ( 'NONE',  ( 0.1499999999999999944, 0.000000000000000000, 0.7500000000000000000 ) ) ;
#1251 = ORIENTED_EDGE ( 'NONE', *, *, #1135, .F. ) ;
#1252 = ORIENTED_EDGE ( 'NONE', *, *, #1279, .T. ) ;
#1253 = CARTESIAN_POINT ( 'NONE',  ( -0.1750000000000009048, -0.06000000000000026146, 0.4000000000000000222 ) ) ;
#1254 = CARTESIAN_POINT ( 'NONE',  ( 0.03898324356917470812, 0.1329321131302782788, 0.2781680766167604069 ) ) ;
#1255 = CARTESIAN_POINT ( 'NONE',  ( 0.07759999950177531858, 0.1005192555467325222, 0.4000000000000001332 ) ) ;
#1256 = CARTESIAN_POINT ( 'NONE',  ( 0.1149455315580925341, 0.06793324262691116666, 0.000000000000000000 ) ) ;
#1257 = CARTESIAN_POINT ( 'NONE',  ( -0.03565682397045245172, -0.02958962863371030622, 0.000000000000000000 ) ) ;
#1258 = CARTESIAN_POINT ( 'NONE',  ( 0.05683066334401316866, -0.02839971520113913211, 0.4000000000000001332 ) ) ;
#1259 = ORIENTED_EDGE ( 'NONE', *, *, #179, .F. ) ;
#1260 = ORIENTED_EDGE ( 'NONE', *, *, #689, .T. ) ;
#1261 = CARTESIAN_POINT ( 'NONE',  ( 0.05656854249492394848, 0.1050000000000000100, 0.7500000000000000000 ) ) ;
#1262 = CARTESIAN_POINT ( 'NONE',  ( 0.04493881555250930915, 0.1214927720309293691, 0.4000000000000000222 ) ) ;
#1263 = VERTEX_POINT ( 'NONE', #326 ) ;
#1264 = CARTESIAN_POINT ( 'NONE',  ( -0.1894667159981731630, 0.01936831309766920764, 0.000000000000000000 ) ) ;
#1265 = CARTESIAN_POINT ( 'NONE',  ( 0.06009938380138566544, -0.009540372551641456561, 1.266579303234848686 ) ) ;
#1266 = EDGE_CURVE ( 'NONE', #606, #818, #656, .T. ) ;
#1267 = CARTESIAN_POINT ( 'NONE',  ( -0.09999999999999999167, -0.01500000000000013475, 1.149999999999999911 ) ) ;
#1268 = CARTESIAN_POINT ( 'NONE',  ( 0.1682330835377762179, 0.04337516587394310563, 0.000000000000000000 ) ) ;
#1269 = FACE_OUTER_BOUND ( 'NONE', #416, .T. ) ;
#1270 = CARTESIAN_POINT ( 'NONE',  ( 0.02999408121858930173, -0.03499999999999998945, 1.950000000000000178 ) ) ;
#1271 = ORIENTED_EDGE ( 'NONE', *, *, #766, .F. ) ;
#1272 = CARTESIAN_POINT ( 'NONE',  ( -0.05948158446005134825, 0.1463661305647957767, 0.000000000000000000 ) ) ;
#1273 = CARTESIAN_POINT ( 'NONE',  ( -0.01639151566757390821, -0.02999999999999999889, 1.955348848176073906 ) ) ;
#1274 = CARTESIAN_POINT ( 'NONE',  ( 0.03860047605896787387, 0.1328875966493792971, 0.2803982926987542146 ) ) ;
#1275 = CARTESIAN_POINT ( 'NONE',  ( -0.1720087313853049804, 0.005379921589934649924, 0.4000000000000000222 ) ) ;
#1276 = CARTESIAN_POINT ( 'NONE',  ( 0.1749413301189878256, -0.0009398358318435038857, 0.4000000000000000222 ) ) ;
#1277 = CARTESIAN_POINT ( 'NONE',  ( -0.03648880705746281039, 0.1329609736649930429, 0.2882255144330487795 ) ) ;
#1278 = CARTESIAN_POINT ( 'NONE',  ( -0.06500000000000002998, -9.509570426723417169E-17, 1.149999999999999911 ) ) ;
#1279 = EDGE_CURVE ( 'NONE', #1263, #147, #171, .T. ) ;
#1280 = ORIENTED_EDGE ( 'NONE', *, *, #1482, .F. ) ;
#1281 = B_SPLINE_CURVE_WITH_KNOTS ( 'NONE', 3,
 ( #319, #1024, #492, #1511 ),
 .UNSPECIFIED., .F., .F.,
 ( 4, 4 ),
 ( 0.000000000000000000, 1.000000000000000000 ),
 .UNSPECIFIED. ) ;
#1282 = MANIFOLD_SOLID_BREP ( 'Revolve2', #1199 ) ;
#1283 = CARTESIAN_POINT ( 'NONE',  ( -0.03636596185812251969, 0.1329876936043820068, 0.2883683864940703723 ) ) ;
#1284 = CARTESIAN_POINT ( 'NONE',  ( -0.02063905325443787103, 0.1283463510848126543, 0.4000000000000000222 ) ) ;
#1285 = CARTESIAN_POINT ( 'NONE',  ( 0.09714045207910318447, 0.03749999999999998473, 0.5749999999999999556 ) ) ;
#1286 = CARTESIAN_POINT ( 'NONE',  ( -0.1616363079771669931, 0.04644989874119286738, 0.000000000000000000 ) ) ;
#1287 = CARTESIAN_POINT ( 'NONE',  ( 0.1524312679222910583, -0.01476714596412737057, 0.4000000000000000777 ) ) ;
#1288 = CARTESIAN_POINT ( 'NONE',  ( -0.03232740702773959085, 0.1377094946765499706, 0.2414182970337456213 ) ) ;
#1289 = CARTESIAN_POINT ( 'NONE',  ( 0.1807893445946266997, 0.03347033569800008518, 0.000000000000000000 ) ) ;
#1290 = CARTESIAN_POINT ( 'NONE',  ( 0.01694747263727396092, 0.0006461163323589167199, 0.3999999999999999667 ) ) ;
#1291 = ORIENTED_EDGE ( 'NONE', *, *, #390, .T. ) ;
#1292 =( BOUNDED_CURVE ( )  B_SPLINE_CURVE ( 3, ( #1451, #80, #211, #102 ),
 .UNSPECIFIED., .F., .T. ) 
 B_SPLINE_CURVE_WITH_KNOTS ( ( 4, 4 ),
 ( 0.000000000000000000, 1.547435735385465527 ),
 .UNSPECIFIED. ) 
 CURVE ( )  GEOMETRIC_REPRESENTATION_ITEM ( )  RATIONAL_B_SPLINE_CURVE ( ( 1.000000000000000000, 0.8102117167940616760, 0.8102117167940616760, 1.000000000000000000 ) ) 
 REPRESENTATION_ITEM ( '' )  );
#1293 = CARTESIAN_POINT ( 'NONE',  ( 0.1241577929529246310, 0.05816973171145039395, 0.000000000000000000 ) ) ;
#1294 = CARTESIAN_POINT ( 'NONE',  ( 0.1000000000000000056, -0.01499999999999999944, 1.149999999999999911 ) ) ;
#1295 = CARTESIAN_POINT ( 'NONE',  ( -0.07692116191944228798, -0.01695577643809472596, 1.266102709668725179 ) ) ;
#1296 = CARTESIAN_POINT ( 'NONE',  ( -0.1749999999999999889, -1.003004531636104175E-16, 0.4000000000000000222 ) ) ;
#1297 = CARTESIAN_POINT ( 'NONE',  ( 0.1826545027774516827, -0.001220933579110702969, 0.000000000000000000 ) ) ;
#1298 = CARTESIAN_POINT ( 'NONE',  ( -0.03750357991111516465, 0.1328456420249949088, 0.2855841797371688751 ) ) ;
#1299 = CARTESIAN_POINT ( 'NONE',  ( 0.1466930182499359692, 0.02067606070011061142, 0.4000000000000001332 ) ) ;
#1300 = CARTESIAN_POINT ( 'NONE',  ( -0.03466100331543302271, 0.1336923031415138963, 0.2857781495144860462 ) ) ;
#1301 = CARTESIAN_POINT ( 'NONE',  ( 0.06500000000000004385, 0.008278725148846501763, 1.150000000000000133 ) ) ;
#1302 = B_SPLINE_CURVE_WITH_KNOTS ( 'NONE', 3,
 ( #1102, #1226, #1458, #342 ),
 .UNSPECIFIED., .F., .F.,
 ( 4, 4 ),
 ( 0.000000000000000000, 1.000000000000000000 ),
 .UNSPECIFIED. ) ;
#1303 = CARTESIAN_POINT ( 'NONE',  ( -0.1887291904721356550, 0.02104239380895245662, 0.000000000000000000 ) ) ;
#1304 = B_SPLINE_CURVE_WITH_KNOTS ( 'NONE', 1,
 ( #518, #528 ),
 .UNSPECIFIED., .F., .F.,
 ( 2, 2 ),
 ( 0.000000000000000000, 0.7209209662351760972 ),
 .UNSPECIFIED. ) ;
#1305 = CARTESIAN_POINT ( 'NONE',  ( -0.09655950509099359147, 0.07086535746470336294, 0.4000000000000000222 ) ) ;
#1306 = CARTESIAN_POINT ( 'NONE',  ( 0.01711842662074974930, -0.03000000000000000930, 1.799817763915101176 ) ) ;
#1307 = CARTESIAN_POINT ( 'NONE',  ( 0.1632738960341085788, 0.01378770654611305088, 0.4000000000000001332 ) ) ;
#1308 = CARTESIAN_POINT ( 'NONE',  ( -0.03408829959782473662, 0.1341394529977794070, 0.2820535856407070940 ) ) ;
#1309 = CARTESIAN_POINT ( 'NONE',  ( 0.02344897072871063651, -0.02811770317746884948, 1.950024254775624799 ) ) ;
#1310 = CARTESIAN_POINT ( 'NONE',  ( 0.1167345408198195711, 0.06461138359854531887, 0.000000000000000000 ) ) ;
#1311 = CARTESIAN_POINT ( 'NONE',  ( -0.1116537938247140482, 0.08781965616364145744, 0.000000000000000000 ) ) ;
#1312 = ORIENTED_EDGE ( 'NONE', *, *, #649, .T. ) ;
#1313 = CARTESIAN_POINT ( 'NONE',  ( -0.06009938380138566544, -0.009540372551641468704, 1.266579303234848686 ) ) ;
#1314 = CARTESIAN_POINT ( 'NONE',  ( 0.01710240852796757541, -0.02910756686209867508, 1.950029400311054095 ) ) ;
#1315 = CARTESIAN_POINT ( 'NONE',  ( -0.03664236584895156496, 0.09346643935991132135, 0.000000000000000000 ) ) ;
#1316 = CARTESIAN_POINT ( 'NONE',  ( -0.08286056873918494492, -0.02649752309752927831, 0.000000000000000000 ) ) ;
#1317 = EDGE_CURVE ( 'NONE', #280, #1540, #443, .T. ) ;
#1318 = ORIENTED_EDGE ( 'NONE', *, *, #743, .F. ) ;
#1319 = CARTESIAN_POINT ( 'NONE',  ( -0.02678134701085107747, 0.1270983929882715524, 0.4000000000000000777 ) ) ;
#1320 = CARTESIAN_POINT ( 'NONE',  ( -0.07235568951029436313, 0.1755977991895116275, 0.000000000000000000 ) ) ;
#1321 = CARTESIAN_POINT ( 'NONE',  ( 0.02999408121858195345, -0.02490068402652971871, 1.949999999999999956 ) ) ;
#1322 = CARTESIAN_POINT ( 'NONE',  ( 0.1000000000000000333, -0.04500000000000010242, 1.149999999999999911 ) ) ;
#1323 = CARTESIAN_POINT ( 'NONE',  ( -0.1728946671953743297, -0.004679204616333643152, 0.4000000000000000222 ) ) ;
#1324 = CARTESIAN_POINT ( 'NONE',  ( 0.06500000000000000222, 0.000000000000000000, 1.149999999999999911 ) ) ;
#1325 = CARTESIAN_POINT ( 'NONE',  ( 0.03648371271688995165, 0.1532399346285616415, 0.02413878046479346964 ) ) ;
#1326 = CARTESIAN_POINT ( 'NONE',  ( 1.908195823574487804E-17, 0.1600000000000000033, 0.000000000000000000 ) ) ;
#1327 = CARTESIAN_POINT ( 'NONE',  ( 0.03607364966183477378, 0.1330587562668060220, 0.2886042791304672117 ) ) ;
#1328 = B_SPLINE_SURFACE_WITH_KNOTS ( 'NONE', 3, 3, ( 
 ( #1547, #1313, #1538, #176, #191 ),
 ( #438, #284, #670, #784, #162 ),
 ( #410, #659, #921, #1176, #1411 ),
 ( #791, #1295, #170, #1171, #419 ) ),
 .UNSPECIFIED., .F., .F., .F.,
 ( 4, 4 ),
 ( 4, 1, 4 ),
 ( 0.000000000000000000, 1.000000000000000000 ),
 ( 0.000000000000000000, 0.4384501816421731424, 1.000000000000000000 ),
 .UNSPECIFIED. ) ;
#1329 = CARTESIAN_POINT ( 'NONE',  ( -0.001427633302570281530, -0.02000558230259392306, 1.949999999999999734 ) ) ;
#1330 = CARTESIAN_POINT ( 'NONE',  ( 0.1499999999999999944, 4.930380657631323784E-31, 0.7500000000000000000 ) ) ;
#1331 = CARTESIAN_POINT ( 'NONE',  ( -0.03636596185812251969, 0.1329876936043820068, 0.2883683864940703723 ) ) ;
#1332 = CARTESIAN_POINT ( 'NONE',  ( 0.1748911553346299552, 0.0002470481565063996745, 0.4000000000000000222 ) ) ;
#1333 = CARTESIAN_POINT ( 'NONE',  ( -0.1005564386742893723, -0.02467291706240178420, 0.000000000000000000 ) ) ;
#1334 = CARTESIAN_POINT ( 'NONE',  ( -0.09714045207910315671, 0.03749999999999999167, 0.5749999999999999556 ) ) ;
#1335 = VERTEX_POINT ( 'NONE', #765 ) ;
#1336 = CARTESIAN_POINT ( 'NONE',  ( 0.0005848718304803500077, -0.02000000002227371107, 1.949999999999999956 ) ) ;
#1337 = CARTESIAN_POINT ( 'NONE',  ( -0.1890074400512919695, 0.02041072410098016335, 0.000000000000000000 ) ) ;
#1338 = ADVANCED_FACE ( 'NONE', ( #1519 ), #1109, .T. ) ;
#1339 = CARTESIAN_POINT ( 'NONE',  ( 0.1127087933136425718, 0.01328447950029106386, 0.4000000000000000222 ) ) ;
#1340 = CARTESIAN_POINT ( 'NONE',  ( -0.1577114864825391316, -0.01382200383254593781, 0.000000000000000000 ) ) ;
#1341 = EDGE_LOOP ( 'NONE', ( #1251, #858, #495, #96 ) ) ;
#1342 = CARTESIAN_POINT ( 'NONE',  ( 0.02977073738721932455, -0.02780854836066925725, 1.952673410071570359 ) ) ;
#1343 = VERTEX_POINT ( 'NONE', #391 ) ;
#1344 = CARTESIAN_POINT ( 'NONE',  ( 0.03272105451420725952, 0.1362291751622654312, 0.2595224072498562573 ) ) ;
#1345 = CARTESIAN_POINT ( 'NONE',  ( -0.1530085895831352905, 0.04950857675278100972, 0.000000000000000000 ) ) ;
#1346 = CARTESIAN_POINT ( 'NONE',  ( 0.06311641773420383073, 0.1445197757501498204, 0.000000000000000000 ) ) ;
#1347 = CARTESIAN_POINT ( 'NONE',  ( -0.1147101621639739222, 0.07426926849147300058, 0.000000000000000000 ) ) ;
#1348 = DIRECTION ( 'NONE',  ( 0.07124704998790963584, 2.858444560143096733E-16, 0.9974586998307349850 ) ) ;
#1349 = CARTESIAN_POINT ( 'NONE',  ( 0.03476015617115166267, -0.02942405401116893540, 0.4000000000000000222 ) ) ;
#1350 = EDGE_LOOP ( 'NONE', ( #260, #1260, #1280, #1114 ) ) ;
#1351 =( BOUNDED_CURVE ( )  B_SPLINE_CURVE ( 3, ( #583, #458, #1201, #963 ),
 .UNSPECIFIED., .F., .F. ) 
 B_SPLINE_CURVE_WITH_KNOTS ( ( 4, 4 ),
 ( 4.712388751929958985, 4.760004115440200856 ),
 .UNSPECIFIED. ) 
 CURVE ( )  GEOMETRIC_REPRESENTATION_ITEM ( )  RATIONAL_B_SPLINE_CURVE ( ( 1.000000000000000000, 0.9998110736871113069, 0.9998110736871113069, 1.000000000000000000 ) ) 
 REPRESENTATION_ITEM ( '' )  );
#1352 = EDGE_LOOP ( 'NONE', ( #206, #127, #889 ) ) ;
#1353 = CARTESIAN_POINT ( 'NONE',  ( -0.1159621923732131049, 0.06586971972323490965, 0.000000000000000000 ) ) ;
#1354 = CARTESIAN_POINT ( 'NONE',  ( -0.1153742777949831599, 0.06699504930509866951, 0.000000000000000000 ) ) ;
#1355 = FACE_OUTER_BOUND ( 'NONE', #1341, .T. ) ;
#1356 = CARTESIAN_POINT ( 'NONE',  ( 0.1434999999999999887, -0.01719999999999984736, 0.4000000000000003553 ) ) ;
#1357 = VERTEX_POINT ( 'NONE', #904 ) ;
#1358 = CARTESIAN_POINT ( 'NONE',  ( -0.01932185777326276069, 0.1034664393599112053, 0.000000000000000000 ) ) ;
#1359 = EDGE_LOOP ( 'NONE', ( #1503, #240, #850 ) ) ;
#1360 = CARTESIAN_POINT ( 'NONE',  ( 0.02999408121858197079, -0.02499999999999955036, 1.950000000000000178 ) ) ;
#1361 = CARTESIAN_POINT ( 'NONE',  ( -0.06899773901819082622, 0.1079679983355076450, 0.3999999999999999667 ) ) ;
#1362 = CARTESIAN_POINT ( 'NONE',  ( 0.03925819172293280868, -0.02085833991957191866, 1.532692042557257883 ) ) ;
#1363 = CARTESIAN_POINT ( 'NONE',  ( 0.09749333333333339013, 0.06830400000000004523, 0.4000000000000002998 ) ) ;
#1364 = CARTESIAN_POINT ( 'NONE',  ( 0.1147101621639740471, 0.07426926849147311160, 0.000000000000000000 ) ) ;
#1365 = CARTESIAN_POINT ( 'NONE',  ( -0.09397974790644926524, 0.1208983418522512898, 0.000000000000000000 ) ) ;
#1366 = CARTESIAN_POINT ( 'NONE',  ( -0.03492494806682960168, -0.02941451930794338615, 0.000000000000000000 ) ) ;
#1367 = FACE_OUTER_BOUND ( 'NONE', #464, .T. ) ;
#1368 = ORIENTED_EDGE ( 'NONE', *, *, #574, .T. ) ;
#1369 = CARTESIAN_POINT ( 'NONE',  ( -0.004089653438084941105, 0.1170834875401137315, 0.3999999999999999667 ) ) ;
#1370 = CARTESIAN_POINT ( 'NONE',  ( 0.02999408121858930520, -0.01500000000000000638, 1.969999999999999085 ) ) ;
#1371 = CARTESIAN_POINT ( 'NONE',  ( -0.03427636625081449673, -0.02588576903076338434, 1.532533698834328106 ) ) ;
#1372 = CARTESIAN_POINT ( 'NONE',  ( 0.04838984061619883148, 0.1378922482883640499, 0.1685478003703564653 ) ) ;
#1373 = CARTESIAN_POINT ( 'NONE',  ( 0.07302039666143272933, 0.1385301718997352105, 0.000000000000000000 ) ) ;
#1374 = CARTESIAN_POINT ( 'NONE',  ( 0.1749999999999999889, 1.954435514059086236E-16, 0.4000000000000000222 ) ) ;
#1375 = CARTESIAN_POINT ( 'NONE',  ( 0.1247080366576203830, -0.02143475108975899379, 0.000000000000000000 ) ) ;
#1376 = CARTESIAN_POINT ( 'NONE',  ( -0.06340042141064478054, -0.02796198464632378838, 0.4000000000000000777 ) ) ;
#1377 = CARTESIAN_POINT ( 'NONE',  ( -0.09999999999999964473, -0.04500000000000007466, 1.149999999999999911 ) ) ;
#1378 = ORIENTED_EDGE ( 'NONE', *, *, #1161, .F. ) ;
#1379 = CARTESIAN_POINT ( 'NONE',  ( -0.1749999999999999889, -1.003004531636104175E-16, 0.4000000000000000222 ) ) ;
#1380 = ORIENTED_EDGE ( 'NONE', *, *, #1493, .F. ) ;
#1381 = CARTESIAN_POINT ( 'NONE',  ( -0.02981990149676942009, -0.02514115663854273042, 1.958017188165311451 ) ) ;
#1382 = CARTESIAN_POINT ( 'NONE',  ( 0.05455051510695094197, 0.1447742293487079557, 0.04816255612219848270 ) ) ;
#1383 = CARTESIAN_POINT ( 'NONE',  ( 0.03804490512798175406, 0.1546955982044702638, 0.000000000000000000 ) ) ;
#1384 = PLANE ( 'NONE',  #788 ) ;
#1385 = CARTESIAN_POINT ( 'NONE',  ( -0.1895745671445300817, 0.01912351996247986519, 0.000000000000000000 ) ) ;
#1386 = CARTESIAN_POINT ( 'NONE',  ( 0.1051050518610452816, -0.02401350033560860700, 0.4000000000000000777 ) ) ;
#1387 = CARTESIAN_POINT ( 'NONE',  ( -0.02374796687553629160, -0.02805474687452933283, 1.950000000000000178 ) ) ;
#1388 = CARTESIAN_POINT ( 'NONE',  ( -0.03846343203504499347, 0.1328744751245751476, 0.2811582537274496807 ) ) ;
#1389 = CARTESIAN_POINT ( 'NONE',  ( -0.1382510432614589002, 0.01887212981968849207, 0.7500000000000000000 ) ) ;
#1390 = VERTEX_POINT ( 'NONE', #1256 ) ;
#1391 = CARTESIAN_POINT ( 'NONE',  ( -0.06628175104256919803, 0.1099051047266425829, 0.4000000000000000222 ) ) ;
#1392 = CARTESIAN_POINT ( 'NONE',  ( -0.01836838136276750313, -0.02999999999999998154, 1.532375355111398774 ) ) ;
#1393 = CARTESIAN_POINT ( 'NONE',  ( 0.02859171597633138051, 0.1267305719921105467, 0.4000000000000001887 ) ) ;
#1394 = SURFACE_STYLE_USAGE ( .BOTH. , #399 ) ;
#1395 = ADVANCED_FACE ( 'NONE', ( #1435 ), #78, .T. ) ;
#1396 = CARTESIAN_POINT ( 'NONE',  ( -0.1662380640261063858, 0.01159707899697643742, 0.4000000000000000222 ) ) ;
#1397 = CARTESIAN_POINT ( 'NONE',  ( 0.09999999999999999167, 0.2099999999999999922, 0.4000000000000000222 ) ) ;
#1398 = CARTESIAN_POINT ( 'NONE',  ( 0.1890074400512920250, 0.02041072410098009743, 0.000000000000000000 ) ) ;
#1399 = CARTESIAN_POINT ( 'NONE',  ( -0.001427633302570281530, -0.02000558230259392306, 1.949999999999999734 ) ) ;
#1400 = CARTESIAN_POINT ( 'NONE',  ( 0.03636591458878747629, 0.1329876117314920114, 0.2883687393171906477 ) ) ;
#1401 = ORIENTED_EDGE ( 'NONE', *, *, #711, .T. ) ;
#1402 = CARTESIAN_POINT ( 'NONE',  ( 0.01352130013202634991, 0.1593871539065767340, 0.000000000000000000 ) ) ;
#1403 = CARTESIAN_POINT ( 'NONE',  ( -0.1159621923732131049, 0.06586971972323490965, 0.000000000000000000 ) ) ;
#1404 = CARTESIAN_POINT ( 'NONE',  ( 0.03671706920481974251, -0.02471156012624707923, 1.799835405881476502 ) ) ;
#1405 = CARTESIAN_POINT ( 'NONE',  ( -0.1500000000000014377, -0.06000000000000030309, 0.7500000000000000000 ) ) ;
#1406 = CARTESIAN_POINT ( 'NONE',  ( -0.03921168965955468266, 0.1329689916200136879, 0.2766923542801053570 ) ) ;
#1407 = CARTESIAN_POINT ( 'NONE',  ( 0.03491780874019375508, 0.1335333342885499930, 0.2868875884861573078 ) ) ;
#1408 = EDGE_LOOP ( 'NONE', ( #1034, #929, #243, #1077 ) ) ;
#1409 = CARTESIAN_POINT ( 'NONE',  ( 0.1726920228997814721, 0.004346114518589658943, 0.4000000000000000777 ) ) ;
#1410 =( BOUNDED_CURVE ( )  B_SPLINE_CURVE ( 3, ( #1600, #601, #227, #472 ),
 .UNSPECIFIED., .F., .F. ) 
 B_SPLINE_CURVE_WITH_KNOTS ( ( 4, 4 ),
 ( 3.811926349404477943, 4.130220656679314928 ),
 .UNSPECIFIED. ) 
 CURVE ( )  GEOMETRIC_REPRESENTATION_ITEM ( )  RATIONAL_B_SPLINE_CURVE ( ( 1.000000000000000000, 0.9915751988558803021, 0.9915751988558803021, 1.000000000000000000 ) ) 
 REPRESENTATION_ITEM ( '' )  );
#1411 = CARTESIAN_POINT ( 'NONE',  ( -0.03000170176318039603, -0.02500674814867292345, 1.949999999999999956 ) ) ;
#1412 = CARTESIAN_POINT ( 'NONE',  ( 0.02691192409796969165, 0.1574177431971660601, 0.000000000000000000 ) ) ;
#1413 = CARTESIAN_POINT ( 'NONE',  ( -0.1749999999999999889, -1.118335532354553041E-16, 0.4000000000000000222 ) ) ;
#1414 = VERTEX_POINT ( 'NONE', #909 ) ;
#1415 = CARTESIAN_POINT ( 'NONE',  ( -0.1739345285876273683, 0.002200117247311133076, 0.4000000000000000222 ) ) ;
#1416 = CARTESIAN_POINT ( 'NONE',  ( 0.1607932286711700742, -0.01189675725332364070, 0.4000000000000000222 ) ) ;
#1417 = VERTEX_POINT ( 'NONE', #1399 ) ;
#1418 = CARTESIAN_POINT ( 'NONE',  ( 0.1616363079771671873, 0.04644989874119283269, 0.000000000000000000 ) ) ;
#1419 = CARTESIAN_POINT ( 'NONE',  ( -0.006766316611024677553, 0.1598785492709610123, 0.000000000000000000 ) ) ;
#1420 = CARTESIAN_POINT ( 'NONE',  ( -0.1726920228997814721, 0.004346114518589505420, 0.4000000000000000222 ) ) ;
#1421 = CARTESIAN_POINT ( 'NONE',  ( 0.1577060774111035402, -0.01300445629499638947, 0.4000000000000000222 ) ) ;
#1422 = CARTESIAN_POINT ( 'NONE',  ( -0.04078366458763617308, 0.1333492524913208466, 0.2647299356125535907 ) ) ;
#1423 = CARTESIAN_POINT ( 'NONE',  ( -0.02979940735880385813, -0.02779631343621795717, 1.949999999999999956 ) ) ;
#1424 = CARTESIAN_POINT ( 'NONE',  ( 0.1699362677109571007, 0.008044699288128714237, 0.4000000000000000777 ) ) ;
#1425 = EDGE_CURVE ( 'NONE', #90, #400, #918, .T. ) ;
#1426 = UNCERTAINTY_MEASURE_WITH_UNIT (LENGTH_MEASURE( 1.000000000000000082E-05 ), #531, 'distance_accuracy_value', 'NONE');
#1427 = CARTESIAN_POINT ( 'NONE',  ( 0.01668451112661568925, -0.02915502148996478374, 1.950014981220129506 ) ) ;
#1428 = CARTESIAN_POINT ( 'NONE',  ( 0.1150818526445666068, 0.06762290353864397474, 0.000000000000000000 ) ) ;
#1429 = CARTESIAN_POINT ( 'NONE',  ( 0.1499999999999999944, 4.930380657631323784E-31, 0.7500000000000000000 ) ) ;
#1430 = CARTESIAN_POINT ( 'NONE',  ( -0.01932185777326276069, 0.1034664393599112053, 0.000000000000000000 ) ) ;
#1431 = FACE_OUTER_BOUND ( 'NONE', #749, .T. ) ;
#1432 = CARTESIAN_POINT ( 'NONE',  ( 0.1807893445946266997, 0.03347033569800008518, 0.000000000000000000 ) ) ;
#1433 = B_SPLINE_CURVE_WITH_KNOTS ( 'NONE', 3,
 ( #1400, #407, #193, #1327, #1167, #1192, #1443, #1040, #1074, #696, #526, #1028, #279, #1407, #781, #159, #657, #1158, #32, #1535, #910, #356, #137, #1016, #851, #450, #720, #1344, #1221, #466, #324, #217, #98, #860, #1211, #830, #1097, #591, #1595, #85, #1325, #1479 ),
 .UNSPECIFIED., .F., .F.,
 ( 4, 2, 2, 2, 2, 2, 2, 2, 2, 2, 2, 2, 2, 2, 2, 2, 2, 2, 2, 2, 4 ),
 ( 0.2897779574767254118, 0.2900636439636328778, 0.2903493304505403438, 0.2906350169374478098, 0.2909207034243553314, 0.2914920763981702079, 0.2920634493719851399, 0.2932061953196150039, 0.2943489412672448680, 0.2966344331625043740, 0.2989199250577639355, 0.3034909088482830031, 0.3080618926388020151, 0.3172038602198402057, 0.3263458278008783409, 0.3446297629629547776, 0.3629136981250312144, 0.3994815684491841434, 0.4360494387733371280, 0.5091851794216430971, 0.5823209200699490662 ),
 .UNSPECIFIED. ) ;
#1434 = FACE_OUTER_BOUND ( 'NONE', #1352, .T. ) ;
#1435 = FACE_OUTER_BOUND ( 'NONE', #73, .T. ) ;
#1436 = CARTESIAN_POINT ( 'NONE',  ( -0.02966979526974795542, -0.02218022562282611493, 1.949999999999999956 ) ) ;
#1437 = ADVANCED_FACE ( 'NONE', ( #1008 ), #1066, .F. ) ;
#1438 = CARTESIAN_POINT ( 'NONE',  ( -0.05646908056825793165, 0.1478127731323369831, 0.000000000000000000 ) ) ;
#1439 = CARTESIAN_POINT ( 'NONE',  ( 0.09999999999999999167, 0.2099999999999999922, 0.4000000000000000222 ) ) ;
#1440 = ORIENTED_EDGE ( 'NONE', *, *, #635, .F. ) ;
#1441 = ORIENTED_EDGE ( 'NONE', *, *, #619, .T. ) ;
#1442 = CARTESIAN_POINT ( 'NONE',  ( 0.03579096779845618304, -0.02117799385559219344, 1.799840822123486284 ) ) ;
#1443 = CARTESIAN_POINT ( 'NONE',  ( 0.03571543461993331031, 0.1331709381733397757, 0.2885492736633477051 ) ) ;
#1444 = ADVANCED_FACE ( 'NONE', ( #771 ), #835, .T. ) ;
#1445 = CARTESIAN_POINT ( 'NONE',  ( -0.1670576100884464954, -0.008953894478627551223, 0.4000000000000001332 ) ) ;
#1446 = FACE_OUTER_BOUND ( 'NONE', #603, .T. ) ;
#1447 = CARTESIAN_POINT ( 'NONE',  ( 0.003386838008413795356, 0.1600021177328563859, 0.000000000000000000 ) ) ;
#1448 = CARTESIAN_POINT ( 'NONE',  ( 0.02224850066846268890, -0.02835370612517293040, 1.950052682390050141 ) ) ;
#1449 =( BOUNDED_SURFACE ( )  B_SPLINE_SURFACE ( 3, 1, ( 
 ( #687, #83 ),
 ( #967, #1219 ),
 ( #231, #849 ),
 ( #1358, #739 ),
 ( #581, #728 ),
 ( #1581, #604 ),
 ( #1461, #840 ) ),
 .UNSPECIFIED., .T., .F., .F. ) 
 B_SPLINE_SURFACE_WITH_KNOTS ( ( 4, 3, 4 ),
 ( 2, 2 ),
 ( 0.000000000000000000, 0.5000000000000000000, 1.000000000000000000 ),
 ( 0.000000000000000000, 1.000000000000000000 ),
 .UNSPECIFIED. ) 
 GEOMETRIC_REPRESENTATION_ITEM ( )  RATIONAL_B_SPLINE_SURFACE ( (
 ( 1.000000000000000000, 1.000000000000000000),
 ( 0.3333333333333333703, 0.3333333333333333703),
 ( 0.3333333333333333703, 0.3333333333333333703),
 ( 1.000000000000000000, 1.000000000000000000),
 ( 0.3333333333333333703, 0.3333333333333333703),
 ( 0.3333333333333333703, 0.3333333333333333703),
 ( 1.000000000000000000, 1.000000000000000000) ) ) 
 REPRESENTATION_ITEM ( '' )  SURFACE ( )  );
#1450 = B_SPLINE_CURVE_WITH_KNOTS ( 'NONE', 3,
 ( #1234, #529, #1382, #509, #264, #998, #1372, #120, #1518, #618, #389, #1605, #902, #274, #1119, #774, #1617, #501, #253, #751, #1254, #1274, #150, #1151, #1245, #151, #1100, #978, #752, #685, #1070, #1197, #237, #981 ),
 .UNSPECIFIED., .F., .F.,
 ( 4, 2, 2, 2, 2, 2, 2, 2, 2, 2, 2, 2, 2, 2, 2, 2, 4 ),
 ( 0.000000000000000000, 0.07244448936918117254, 0.1448889787383623451, 0.1811112234229529661, 0.2173334681075435870, 0.2354445904498389530, 0.2535557127921342913, 0.2626112739632819881, 0.2716668351344296295, 0.2761946157200035890, 0.2807223963055774929, 0.2829862865983645004, 0.2852501768911514524, 0.2875140671839384043, 0.2886460123303319358, 0.2892119849035286738, 0.2897779574767254118 ),
 .UNSPECIFIED. ) ;
#1451 = CARTESIAN_POINT ( 'NONE',  ( 0.07499999999999927558, 0.1999038105676662347, 0.000000000000000000 ) ) ;
#1452 = CARTESIAN_POINT ( 'NONE',  ( -0.1529609209320069163, -0.01523978421259696188, 0.000000000000000000 ) ) ;
#1453 = CARTESIAN_POINT ( 'NONE',  ( 0.1167345408198195711, 0.06461138359854531887, 0.000000000000000000 ) ) ;
#1454 = ORIENTED_EDGE ( 'NONE', *, *, #766, .T. ) ;
#1455 = CARTESIAN_POINT ( 'NONE',  ( 0.03396907888012943438, -0.02525467947574342939, 1.799899567338913320 ) ) ;
#1456 = DIRECTION ( 'NONE',  ( 0.03730035920516859560, -0.04475694886442721510, 0.9983013065860991686 ) ) ;
#1457 = CARTESIAN_POINT ( 'NONE',  ( -0.005905433729359783369, -0.02999999999999999542, 1.949999999999999734 ) ) ;
#1458 = CARTESIAN_POINT ( 'NONE',  ( -0.1610678828326349010, 0.03162216403280605770, 0.4000000000000000222 ) ) ;
#1459 = CARTESIAN_POINT ( 'NONE',  ( -0.1550056811008712621, -0.01395404620628718298, 0.4000000000000000777 ) ) ;
#1460 = VERTEX_POINT ( 'NONE', #269 ) ;
#1461 = CARTESIAN_POINT ( 'NONE',  ( -0.07499999999999927558, 0.1999038105676662347, 0.000000000000000000 ) ) ;
#1462 = COLOUR_RGB ( '',0.7921568627450980005, 0.8196078431372548767, 0.9333333333333333481 ) ;
#1463 = LINE ( 'NONE', #861, #623 ) ;
#1464 = CARTESIAN_POINT ( 'NONE',  ( 0.02997195085934998768, -0.02612934539843779144, 1.949999999999999956 ) ) ;
#1465 = CARTESIAN_POINT ( 'NONE',  ( -0.1624999999999999778, -5.015022658180520873E-17, 0.5749999999999999556 ) ) ;
#1466 = CARTESIAN_POINT ( 'NONE',  ( -0.1762365362711010297, -0.006148822922614624424, 0.000000000000000000 ) ) ;
#1467 = ORIENTED_EDGE ( 'NONE', *, *, #1266, .F. ) ;
#1468 = ORIENTED_EDGE ( 'NONE', *, *, #143, .T. ) ;
#1469 = B_SPLINE_CURVE_WITH_KNOTS ( 'NONE', 3,
 ( #1244, #1498, #388, #641 ),
 .UNSPECIFIED., .F., .F.,
 ( 4, 4 ),
 ( 0.000000000000000000, 0.7532692527235871349 ),
 .UNSPECIFIED. ) ;
#1470 = ADVANCED_FACE ( 'NONE', ( #1496 ), #721, .F. ) ;
#1471 = CARTESIAN_POINT ( 'NONE',  ( -0.1875667257251862063, 0.02350500312107302314, 0.000000000000000000 ) ) ;
#1472 = CARTESIAN_POINT ( 'NONE',  ( 0.09848852690108855779, 0.06436186597749760097, 0.4000000000000000777 ) ) ;
#1473 = CARTESIAN_POINT ( 'NONE',  ( -0.1149455315580923953, 0.06793324262691111115, 0.000000000000000000 ) ) ;
#1474 = CARTESIAN_POINT ( 'NONE',  ( 0.02999906585987940216, -0.02502087337338749357, 1.950000000000000178 ) ) ;
#1475 = CARTESIAN_POINT ( 'NONE',  ( -0.03929077113883048394, -0.02924446558418478115, 0.000000000000000000 ) ) ;
#1476 = CARTESIAN_POINT ( 'NONE',  ( 0.1027530293814685469, 0.04368800329283284434, 0.4000000000000000222 ) ) ;
#1477 = ORIENTED_EDGE ( 'NONE', *, *, #619, .F. ) ;
#1478 = CARTESIAN_POINT ( 'NONE',  ( 0.000000000000000000, 0.000000000000000000, 0.000000000000000000 ) ) ;
#1479 = CARTESIAN_POINT ( 'NONE',  ( 0.03744894861892267973, 0.1548490336861141903, 0.000000000000000000 ) ) ;
#1480 = CARTESIAN_POINT ( 'NONE',  ( -0.02350833273309319710, -0.02810576510138195622, 1.950000000000000178 ) ) ;
#1481 = CARTESIAN_POINT ( 'NONE',  ( 0.07201059270629894815, 0.1055347912416968043, 0.4000000000000001887 ) ) ;
#1482 = EDGE_CURVE ( 'NONE', #911, #782, #832, .T. ) ;
#1483 = CARTESIAN_POINT ( 'NONE',  ( 0.1897722717535079151, 0.01817298444494332837, 0.000000000000000000 ) ) ;
#1484 = CARTESIAN_POINT ( 'NONE',  ( -0.06009938380138566544, -0.009540372551641513807, 1.266579303234848686 ) ) ;
#1485 = CARTESIAN_POINT ( 'NONE',  ( -0.02183121782574445197, -0.02978024779570304093, 0.000000000000000000 ) ) ;
#1486 = CARTESIAN_POINT ( 'NONE',  ( 0.004089653438084941105, 0.1170834875401137315, 0.3999999999999999667 ) ) ;
#1487 = ORIENTED_EDGE ( 'NONE', *, *, #1054, .F. ) ;
#1488 = CARTESIAN_POINT ( 'NONE',  ( -0.1883109787412591829, 0.02196875028675079888, 0.000000000000000000 ) ) ;
#1489 = CARTESIAN_POINT ( 'NONE',  ( 0.08913684365182795999, 0.1252164508633841211, 0.000000000000000000 ) ) ;
#1490 = CARTESIAN_POINT ( 'NONE',  ( -0.1613527089931944825, -0.01274510972724769015, 0.000000000000000000 ) ) ;
#1491 = LINE ( 'NONE', #1609, #553 ) ;
#1492 = CARTESIAN_POINT ( 'NONE',  ( -0.08840830449827016824, -0.02591695501730110346, 0.3999999999999999112 ) ) ;
#1493 = EDGE_CURVE ( 'NONE', #1414, #995, #733, .T. ) ;
#1494 = CARTESIAN_POINT ( 'NONE',  ( -0.02374796687553629160, -0.02805474687452933283, 1.950000000000000178 ) ) ;
#1495 = EDGE_LOOP ( 'NONE', ( #355, #1271, #880, #1477, #1565, #386, #1041, #233, #1029, #365 ) ) ;
#1496 = FACE_OUTER_BOUND ( 'NONE', #1359, .T. ) ;
#1497 = CARTESIAN_POINT ( 'NONE',  ( -0.02999408121858196732, -0.02499999999999999792, 1.950000000000000178 ) ) ;
#1498 = CARTESIAN_POINT ( 'NONE',  ( 0.02999890057764791063, -0.02494111398015111392, 1.949999999999999956 ) ) ;
#1499 = CARTESIAN_POINT ( 'NONE',  ( 0.09040142305338991213, 0.08421304934828324762, 0.4000000000000001332 ) ) ;
#1500 = CARTESIAN_POINT ( 'NONE',  ( -0.1500000000000014377, -0.06000000000000030309, 0.7500000000000000000 ) ) ;
#1501 = CARTESIAN_POINT ( 'NONE',  ( -0.06451464964026432103, 0.1440780593768336282, 0.000000000000000000 ) ) ;
#1502 = CARTESIAN_POINT ( 'NONE',  ( -0.06996583766966348039, -0.02752449325312592010, 0.3999999999999999667 ) ) ;
#1503 = ORIENTED_EDGE ( 'NONE', *, *, #574, .F. ) ;
#1504 = EDGE_LOOP ( 'NONE', ( #1228, #168, #189, #748 ) ) ;
#1505 = EDGE_CURVE ( 'NONE', #606, #1343, #1292, .T. ) ;
#1506 = CARTESIAN_POINT ( 'NONE',  ( -0.1000000000000000056, -0.01500000000000013649, 1.150000000000000133 ) ) ;
#1507 = CARTESIAN_POINT ( 'NONE',  ( 0.07538142525931465499, 0.1026166598721295342, 0.4000000000000000777 ) ) ;
#1508 = CARTESIAN_POINT ( 'NONE',  ( -0.06994201114692089050, -0.02776471087135688048, 0.000000000000000000 ) ) ;
#1509 = CARTESIAN_POINT ( 'NONE',  ( 0.1157381266307286605, -0.02250255560018175893, 0.4000000000000000222 ) ) ;
#1510 = B_SPLINE_CURVE_WITH_KNOTS ( 'NONE', 3,
 ( #479, #1347, #876, #101, #1365, #1012, #1501, #1247 ),
 .UNSPECIFIED., .F., .F.,
 ( 4, 1, 1, 1, 1, 4 ),
 ( -3.111883161215171612, -2.919247306912637452, -2.726611452610102848, -2.533975598307568244, -2.341339744005034085, -2.096225385176918810 ),
 .UNSPECIFIED. ) ;
#1511 = CARTESIAN_POINT ( 'NONE',  ( -0.1499999999999999944, -1.132486891362694949E-17, 0.7500000000000000000 ) ) ;
#1512 = CARTESIAN_POINT ( 'NONE',  ( -0.03257236203483036135, 0.1431590072710627881, 0.1689945878420058278 ) ) ;
#1513 = CARTESIAN_POINT ( 'NONE',  ( 0.1868675841837986185, 0.02483896197861260383, 0.000000000000000000 ) ) ;
#1514 = CARTESIAN_POINT ( 'NONE',  ( -0.1070507252945721993, 0.005232873476231260888, 0.7500000000000000000 ) ) ;
#1515 = CARTESIAN_POINT ( 'NONE',  ( -0.07071564408406255664, 0.1400556989632174565, 0.000000000000000000 ) ) ;
#1516 = EDGE_CURVE ( 'NONE', #507, #1335, #449, .T. ) ;
#1517 = CARTESIAN_POINT ( 'NONE',  ( 0.09428090415820636339, 0.02499999999999995282, 0.7500000000000000000 ) ) ;
#1518 = CARTESIAN_POINT ( 'NONE',  ( 0.04603462318166862827, 0.1360326268102331759, 0.2046455748718387369 ) ) ;
#1519 = FACE_OUTER_BOUND ( 'NONE', #1001, .T. ) ;
#1520 = CARTESIAN_POINT ( 'NONE',  ( -0.1682330835377759404, 0.04337516587394313339, 0.000000000000000000 ) ) ;
#1521 = CARTESIAN_POINT ( 'NONE',  ( 0.1556118705470522223, -0.01444461083560106412, 0.000000000000000000 ) ) ;
#1522 = CARTESIAN_POINT ( 'NONE',  ( -0.03562127433951307182, 0.1516083444079281972, 0.04827785110076417141 ) ) ;
#1523 = CARTESIAN_POINT ( 'NONE',  ( 0.1885122201707770395, 0.02152925955046056800, 0.000000000000000000 ) ) ;
#1524 = CARTESIAN_POINT ( 'NONE',  ( -0.1382510432614589002, 0.01887212981968849207, 0.7500000000000000000 ) ) ;
#1525 = ORIENTED_EDGE ( 'NONE', *, *, #445, .T. ) ;
#1526 = CARTESIAN_POINT ( 'NONE',  ( -0.08913578464287649772, 0.1252195996104331632, 0.000000000000000000 ) ) ;
#1527 =( BOUNDED_CURVE ( )  B_SPLINE_CURVE ( 3, ( #330, #842, #1336, #709 ),
 .UNSPECIFIED., .F., .F. ) 
 B_SPLINE_CURVE_WITH_KNOTS ( ( 4, 4 ),
 ( 4.653899051748343396, 4.712388751929958985 ),
 .UNSPECIFIED. ) 
 CURVE ( )  GEOMETRIC_REPRESENTATION_ITEM ( )  RATIONAL_B_SPLINE_CURVE ( ( 1.000000000000000000, 0.9997149332324710702, 0.9997149332324710702, 1.000000000000000000 ) ) 
 REPRESENTATION_ITEM ( '' )  );
#1528 = CARTESIAN_POINT ( 'NONE',  ( 0.006771108775474471604, 0.1598792163659463195, 0.000000000000000000 ) ) ;
#1529 = SURFACE_STYLE_FILL_AREA ( #1141 ) ;
#1530 = EDGE_LOOP ( 'NONE', ( #755, #789, #106, #1252 ) ) ;
#1531 = CARTESIAN_POINT ( 'NONE',  ( -0.1711447671982063712, 0.006556920935828889144, 0.4000000000000000222 ) ) ;
#1532 = CARTESIAN_POINT ( 'NONE',  ( 0.1261749323956131708, -0.02104806719232187734, 0.000000000000000000 ) ) ;
#1533 = CARTESIAN_POINT ( 'NONE',  ( 0.1000000000000000472, -0.04499999999999983180, 1.149999999999999911 ) ) ;
#1534 = CARTESIAN_POINT ( 'NONE',  ( -0.04838964806363384163, 0.1378922746660962984, 0.1685530222527611699 ) ) ;
#1535 = CARTESIAN_POINT ( 'NONE',  ( 0.03409108116094747287, 0.1341369188214791008, 0.2820767268754653667 ) ) ;
#1536 = ORIENTED_EDGE ( 'NONE', *, *, #1148, .T. ) ;
#1537 = CARTESIAN_POINT ( 'NONE',  ( 0.1274181605125934702, 0.02562329749190515871, 0.4000000000000000222 ) ) ;
#1538 = CARTESIAN_POINT ( 'NONE',  ( -0.04868927143239452915, -0.02437477095082592540, 1.532424413642784700 ) ) ;
#1539 = CARTESIAN_POINT ( 'NONE',  ( -0.02539433938573134111, 0.1576973602927336238, 0.000000000000000000 ) ) ;
#1540 = VERTEX_POINT ( 'NONE', #820 ) ;
#1541 = CARTESIAN_POINT ( 'NONE',  ( -0.1540401384374580629, 0.01828081435945807381, 0.4000000000000000222 ) ) ;
#1542 = CARTESIAN_POINT ( 'NONE',  ( 0.1678861817982329752, -0.008466897228793533736, 0.4000000000000000222 ) ) ;
#1543 = CARTESIAN_POINT ( 'NONE',  ( -0.03717097233773957593, 0.1328677862808658183, 0.2866677841496035883 ) ) ;
#1544 = ORIENTED_EDGE ( 'NONE', *, *, #425, .F. ) ;
#1545 = CARTESIAN_POINT ( 'NONE',  ( 0.1530085895831355125, 0.04950857675278098197, 0.000000000000000000 ) ) ;
#1546 = B_SPLINE_SURFACE_WITH_KNOTS ( 'NONE', 3, 3, ( 
 ( #1556, #313, #1185, #1177, #1321 ),
 ( #1301, #948, #549, #1442, #575 ),
 ( #1573, #177, #444, #51, #825 ),
 ( #1063, #426, #939, #1049, #1549 ),
 ( #420, #56, #1564, #433, #1436 ),
 ( #1222, #958, #86, #1203, #235 ) ),
 .UNSPECIFIED., .F., .F., .F.,
 ( 4, 2, 4 ),
 ( 4, 1, 4 ),
 ( 0.000000000000000000, 0.5000000000000000000, 1.000000000000000000 ),
 ( 0.000000000000000000, 0.4384501816421731424, 1.000000000000000000 ),
 .UNSPECIFIED. ) ;
#1547 = CARTESIAN_POINT ( 'NONE',  ( -0.06500000000000001610, 0.000000000000000000, 1.150000000000000133 ) ) ;
#1548 = CARTESIAN_POINT ( 'NONE',  ( 0.03911295672556380776, 0.1236371387996499788, 0.3999999999999999667 ) ) ;
#1549 = CARTESIAN_POINT ( 'NONE',  ( -0.01632597141743021008, -0.02000000000000000042, 1.949999999999999956 ) ) ;
#1550 = CARTESIAN_POINT ( 'NONE',  ( -0.1807893445946266164, 0.03347033569800016151, 0.000000000000000000 ) ) ;
#1551 = CARTESIAN_POINT ( 'NONE',  ( 0.1670543994374305563, -0.008949552151691244142, 0.4000000000000000222 ) ) ;
#1552 = CARTESIAN_POINT ( 'NONE',  ( -0.09232050807568809025, 0.1899038105676663368, 0.000000000000000000 ) ) ;
#1553 = CARTESIAN_POINT ( 'NONE',  ( -0.1146977089742907269, 0.07460450210255686887, 0.000000000000000000 ) ) ;
#1554 = CARTESIAN_POINT ( 'NONE',  ( 0.04749855496545750400, -0.02999999999999995379, 1.266666666666666829 ) ) ;
#1555 = CARTESIAN_POINT ( 'NONE',  ( 0.1859418539174035323, 0.02646047629747791397, 0.000000000000000000 ) ) ;
#1556 = CARTESIAN_POINT ( 'NONE',  ( 0.06500000000000004385, 0.000000000000000000, 1.150000000000000133 ) ) ;
#1557 = CARTESIAN_POINT ( 'NONE',  ( -0.1887768875255207979, 0.02093398320362046747, 0.000000000000000000 ) ) ;
#1558 = CARTESIAN_POINT ( 'NONE',  ( 0.1785633564210711011, -0.004469972228580923294, 0.000000000000000000 ) ) ;
#1559 = B_SPLINE_CURVE_WITH_KNOTS ( 'NONE', 3,
 ( #1186, #1428, #309, #810, #1310, #186, #282, #357, #245, #616, #498, #1166, #769, #926, #1268, #297, #647, #1289, #46, #1144, #524, #1513, #39, #1026, #384, #1523, #1232, #395, #663, #796, #1398, #277, #934, #779 ),
 .UNSPECIFIED., .F., .F.,
 ( 4, 1, 1, 1, 1, 1, 1, 1, 1, 1, 1, 1, 1, 1, 1, 1, 1, 1, 1, 1, 1, 1, 1, 1, 1, 1, 1, 1, 1, 1, 1, 4 ),
 ( 0.02941149847807947304, 0.04489387564463910574, 0.06037625281119873150, 0.09134100714431798995, 0.1223057614774372415, 0.1532705158105565069, 0.2152000244767950377, 0.2771295331430335684, 0.3390590418092720437, 0.4009885504755106300, 0.5248475678079876916, 0.6487065851404647532, 0.7106360938067032285, 0.7725656024729417037, 0.8344951111391802900, 0.8654598654722995832, 0.8964246198054187653, 0.9273893741385379474, 0.9428717513050975940, 0.9583541284716572406, 0.9738365056382168872, 0.9815776942214966549, 0.9893188828047765337, 0.9931894770964164731, 0.9970600713880563015, 0.9989953685338761602, 0.9999630171067861450, 1.000930665679696130, 1.002865962825516100, 1.004801259971336069, 1.012542448554615948, 1.020283637137895827 ),
 .UNSPECIFIED. ) ;
#1560 = CARTESIAN_POINT ( 'NONE',  ( -0.09872326327055766515, 0.06295970739720201104, 0.3999999999999999667 ) ) ;
#1561 = CARTESIAN_POINT ( 'NONE',  ( 0.06009938380138567238, -0.009540372551641460031, 1.266579303234848686 ) ) ;
#1562 = EDGE_CURVE ( 'NONE', #660, #1093, #1224, .T. ) ;
#1563 = CARTESIAN_POINT ( 'NONE',  ( -0.03597711396502929759, 0.1330860821815305628, 0.2886301698323106013 ) ) ;
#1564 = CARTESIAN_POINT ( 'NONE',  ( -0.04669146554344467265, -0.01939323365361260432, 1.532439475052209232 ) ) ;
#1565 = ORIENTED_EDGE ( 'NONE', *, *, #143, .F. ) ;
#1566 = EDGE_CURVE ( 'NONE', #911, #1540, #447, .T. ) ;
#1567 = CARTESIAN_POINT ( 'NONE',  ( 0.06500000000000000222, 0.000000000000000000, 1.149999999999999911 ) ) ;
#1568 = CARTESIAN_POINT ( 'NONE',  ( 0.05646909802405321310, 0.1478128037594636512, 0.000000000000000000 ) ) ;
#1569 = CARTESIAN_POINT ( 'NONE',  ( -0.1452536004938762559, -0.01728511183362564999, 0.000000000000000000 ) ) ;
#1570 = CARTESIAN_POINT ( 'NONE',  ( 0.02999780903288227357, -0.02506042746494909976, 1.949999999999999956 ) ) ;
#1571 = LINE ( 'NONE', #1334, #624 ) ;
#1572 = CARTESIAN_POINT ( 'NONE',  ( -0.04398542887601537832, 0.1528520763032758523, 0.000000000000000000 ) ) ;
#1573 = CARTESIAN_POINT ( 'NONE',  ( 0.03587447564500133301, 0.01500000000000002720, 1.150000000000000133 ) ) ;
#1574 = CARTESIAN_POINT ( 'NONE',  ( -0.1198849064865206010, -0.02188215425032848105, 0.4000000000000001887 ) ) ;
#1575 = CARTESIAN_POINT ( 'NONE',  ( 0.01639151566757384923, -0.02999999999999999889, 1.955348848176073906 ) ) ;
#1576 = VERTEX_POINT ( 'NONE', #770 ) ;
#1577 = CARTESIAN_POINT ( 'NONE',  ( 0.09080605418096793224, -0.003469769171118254267, 1.150000000000000133 ) ) ;
#1578 = CARTESIAN_POINT ( 'NONE',  ( -0.05113592296513149588, 0.1405183055502551015, 0.1204050774944051966 ) ) ;
#1579 = CARTESIAN_POINT ( 'NONE',  ( 0.1749999999999999889, 1.025745014150318943E-16, 0.4000000000000000222 ) ) ;
#1580 = CARTESIAN_POINT ( 'NONE',  ( -0.1312182115562962326, -0.02011761404808163484, 0.000000000000000000 ) ) ;
#1581 = CARTESIAN_POINT ( 'NONE',  ( -0.09232050807568809025, 0.1899038105676663368, 0.000000000000000000 ) ) ;
#1582 = CARTESIAN_POINT ( 'NONE',  ( -0.01195082901729165731, -0.02032661574174274288, 1.949999999999999956 ) ) ;
#1583 = CARTESIAN_POINT ( 'NONE',  ( -0.1894667159981731630, 0.01936831309766920764, 0.000000000000000000 ) ) ;
#1584 = CARTESIAN_POINT ( 'NONE',  ( 0.02374796832886261200, -0.02805475133938170954, 1.949999999999999956 ) ) ;
#1585 = LINE ( 'NONE', #103, #485 ) ;
#1586 = CARTESIAN_POINT ( 'NONE',  ( -0.1149455315580923953, 0.06793324262691111115, 0.000000000000000000 ) ) ;
#1587 = ADVANCED_FACE ( 'NONE', ( #1269 ), #1240, .F. ) ;
#1588 = CARTESIAN_POINT ( 'NONE',  ( 0.04103412811930655379, -0.02569619208774200775, 1.532602832919099933 ) ) ;
#1589 = CARTESIAN_POINT ( 'NONE',  ( 0.09478516842183032365, 0.07572505103623841660, 0.4000000000000001332 ) ) ;
#1590 = CARTESIAN_POINT ( 'NONE',  ( 0.06451465130565338379, 0.1440780583717538033, 0.000000000000000000 ) ) ;
#1591 = CARTESIAN_POINT ( 'NONE',  ( -0.1888487997176860056, 0.007568242051027991926, 0.000000000000000000 ) ) ;
#1592 = CARTESIAN_POINT ( 'NONE',  ( 0.1359085050524901916, -0.01892228790448132955, 0.4000000000000001887 ) ) ;
#1593 = ORIENTED_EDGE ( 'NONE', *, *, #1161, .T. ) ;
#1594 = CARTESIAN_POINT ( 'NONE',  ( 0.07288792211679932798, -0.01417742644567450416, 1.149999999999999911 ) ) ;
#1595 = CARTESIAN_POINT ( 'NONE',  ( 0.03412417152356350680, 0.1482920714608441382, 0.09656630615562358799 ) ) ;
#1596 = EDGE_CURVE ( 'NONE', #719, #1622, #494, .T. ) ;
#1597 = CARTESIAN_POINT ( 'NONE',  ( -0.1887291904721356550, 0.02104239380895245662, 0.000000000000000000 ) ) ;
#1598 = CARTESIAN_POINT ( 'NONE',  ( 0.09679069609072213365, 0.1167357804664174992, 0.000000000000000000 ) ) ;
#1599 = CARTESIAN_POINT ( 'NONE',  ( -0.1863641560960649923, 0.003003646460072499635, 0.000000000000000000 ) ) ;
#1600 = CARTESIAN_POINT ( 'NONE',  ( -0.02350833273309319710, -0.02810576510138195622, 1.950000000000000178 ) ) ;
#1601 = CARTESIAN_POINT ( 'NONE',  ( 0.09522358587465934443, -0.02527153785439789288, 0.000000000000000000 ) ) ;
#1602 = ORIENTED_EDGE ( 'NONE', *, *, #962, .T. ) ;
#1603 = DIRECTION ( 'NONE',  ( 1.000000000000000000, 0.000000000000000000, 0.000000000000000000 ) ) ;
#1604 = CARTESIAN_POINT ( 'NONE',  ( -0.1879868453634161440, 0.02265474176116195545, 0.000000000000000000 ) ) ;
#1605 = CARTESIAN_POINT ( 'NONE',  ( 0.04318639898135213234, 0.1343319241447092638, 0.2407149849446020839 ) ) ;
#1606 = ADVANCED_FACE ( 'NONE', ( #1367 ), #418, .T. ) ;
#1607 = CARTESIAN_POINT ( 'NONE',  ( 0.1000000000000000194, 0.05297308662016719100, 0.4000000000000000222 ) ) ;
#1608 = CARTESIAN_POINT ( 'NONE',  ( 0.1822872835722650908, 0.009561759981239995043, 0.2000000000000000111 ) ) ;
#1609 = CARTESIAN_POINT ( 'NONE',  ( 0.1250000000000000000, -0.007499999999999860077, 0.9499999999999999556 ) ) ;
#1610 = CARTESIAN_POINT ( 'NONE',  ( 0.008731778291474511997, -0.02997287809526806568, 0.000000000000000000 ) ) ;
#1611 = CARTESIAN_POINT ( 'NONE',  ( -0.03263334571391127842, 0.1364824679093598891, 0.2564966239582462948 ) ) ;
#1612 = CARTESIAN_POINT ( 'NONE',  ( 0.002001349697573946013, 0.1134664393599110893, 0.000000000000000000 ) ) ;
#1613 = ORIENTED_EDGE ( 'NONE', *, *, #306, .T. ) ;
#1614 = CARTESIAN_POINT ( 'NONE',  ( 0.02999408121858197079, -0.02499999999999910280, 1.949999999999999512 ) ) ;
#1615 = CARTESIAN_POINT ( 'NONE',  ( -0.09642423491621887610, 0.1172257113901714054, 0.000000000000000000 ) ) ;
#1616 = CARTESIAN_POINT ( 'NONE',  ( -0.07692116191944227410, -0.01695577643809479187, 1.266102709668725179 ) ) ;
#1617 = CARTESIAN_POINT ( 'NONE',  ( 0.04043310464216930827, 0.1332420325637260206, 0.2677158161423852656 ) ) ;
#1618 = CARTESIAN_POINT ( 'NONE',  ( 0.07900540753975926478, 0.1341945678817411114, 0.000000000000000000 ) ) ;
#1619 = CARTESIAN_POINT ( 'NONE',  ( 0.1899892668236547455, 0.01228605500551887414, 0.000000000000000000 ) ) ;
#1620 = CARTESIAN_POINT ( 'NONE',  ( -0.02899665399930381054, -0.02961150055262005629, 0.4000000000000001887 ) ) ;
#1621 = CARTESIAN_POINT ( 'NONE',  ( 0.05767949192431047478, 0.2099038105676661325, 0.000000000000000000 ) ) ;
#1622 = VERTEX_POINT ( 'NONE', #208 ) ;
#1623 = CARTESIAN_POINT ( 'NONE',  ( -0.02141016151377374277, 0.1070834875401138336, 0.3999999999999999667 ) ) ;
ENDSEC;
END-ISO-10303-21;
